N,J,Jz,magnetization,eigvec_entanglement_mean,eigvec_entanglement_std,num_states_per_rd_instance,num_rd_instances,thrown_instances
16,0.001,0.7854,0.0,0.00023095,0.000275802,750,35,3
16,0.02546,0.7854,0.0,0.096360149,0.074275192,750,19,0
16,0.04991,0.7854,0.0,0.190193711,0.073486385,750,18,0
16,0.07437,0.7854,0.0,0.308867086,0.072493357,750,17,1
16,0.09883,0.7854,0.0,0.78618601,0.161789501,750,36,0
16,0.12328,0.7854,0.0,1.502957805,0.292037661,750,19,0
16,0.14774,0.7854,0.0,2.696347124,0.393855584,750,19,0
16,0.1722,0.7854,0.0,3.568308752,0.190840747,750,20,0
16,0.19665,0.7854,0.0,4.25462709,0.08927896,750,38,1
16,0.22111,0.7854,0.0,4.597998802,0.061267288,750,20,0
16,0.24557,0.7854,0.0,4.756548681,0.038112728,750,19,1
16,0.27002,0.7854,0.0,4.837611825,0.016978557,750,20,0
16,0.29448,0.7854,0.0,4.895557137,0.007850196,750,39,0
16,0.31894,0.7854,0.0,4.919296525,0.008422778,750,20,0
16,0.34339,0.7854,0.0,4.934799222,0.00354639,750,19,0
16,0.36785,0.7854,0.0,4.942757467,0.001929159,750,17,2
16,0.39231,0.7854,0.0,4.948798224,0.002403093,750,37,1
16,0.41755,0.7854,0.0,4.95269968,0.00126893,750,20,0
16,0.44201,0.7854,0.0,4.953944526,0.001619623,750,19,1
16,0.46646,0.7854,0.0,4.955229469,0.001397226,750,20,0
16,0.49092,0.7854,0.0,4.956109425,0.000616847,750,17,3
16,0.51538,0.7854,0.0,4.956333783,0.000738027,750,18,2
16,0.53983,0.7854,0.0,4.956410418,0.000515272,750,18,2
16,0.56429,0.7854,0.0,4.956601504,0.000598874,750,19,1
16,0.58874,0.7854,0.0,4.955983944,0.000801743,750,19,1
16,0.6132,0.7854,0.0,4.955737119,0.001206826,750,18,2
16,0.63766,0.7854,0.0,4.949742446,0.007440463,750,20,0
16,0.66211,0.7854,0.0,4.936498018,0.017391355,750,20,0
16,0.68657,0.7854,0.0,4.908448598,0.039654795,750,17,3
16,0.71103,0.7854,0.0,4.829295559,0.101704797,750,18,2
16,0.73548,0.7854,0.0,4.641387026,0.138768053,750,15,4
16,0.75994,0.7854,0.0,1.748453059,2.00070647,750,19,0
16,0.7844,0.7854,0.0,2.428520436,2.1430183,750,18,0
15,0.001,0.7854,0.5,7.53e-05,3.11e-05,643,7,1
15,0.02546,0.7854,0.5,0.121627546,0.066694498,643,10,0
15,0.04991,0.7854,0.5,0.17197818,0.091662329,643,11,0
15,0.07437,0.7854,0.5,0.353238347,0.160913361,643,12,0
15,0.09883,0.7854,0.5,0.72357895,0.091564408,643,12,1
15,0.12328,0.7854,0.5,1.370804527,0.275081037,643,13,1
15,0.14774,0.7854,0.5,2.105762908,0.201517617,643,14,0
15,0.1722,0.7854,0.5,3.033227362,0.127725819,643,11,2
15,0.19665,0.7854,0.5,3.690743557,0.102598898,643,14,1
15,0.22111,0.7854,0.5,4.061851288,0.03283844,643,13,2
15,0.24557,0.7854,0.5,4.275060447,0.035228487,643,12,2
15,0.27002,0.7854,0.5,4.367963139,0.004958203,643,12,3
15,0.29448,0.7854,0.5,4.42038594,0.006991069,643,14,1
15,0.31894,0.7854,0.5,4.453804344,0.00652486,643,13,2
15,0.34339,0.7854,0.5,4.466885173,0.005548276,643,14,0
15,0.36785,0.7854,0.5,4.481188474,0.001873808,643,12,2
15,0.39231,0.7854,0.5,4.486262683,0.001875416,643,14,0
15,0.41755,0.7854,0.5,4.490820066,0.00086568,643,12,1
15,0.44201,0.7854,0.5,4.493577885,0.000849352,643,15,0
15,0.46646,0.7854,0.5,4.494592218,0.000654793,643,15,0
15,0.49092,0.7854,0.5,4.495751407,0.000485536,643,14,1
15,0.51538,0.7854,0.5,4.496494492,0.000433259,643,13,1
15,0.53983,0.7854,0.5,4.496813399,0.000524849,643,11,3
15,0.56429,0.7854,0.5,4.496849951,0.00056999,643,14,0
15,0.58874,0.7854,0.5,4.496625918,0.000317965,643,13,0
15,0.6132,0.7854,0.5,4.494847222,0.002274134,643,13,2
15,0.63766,0.7854,0.5,4.494378135,0.00138946,643,12,1
15,0.66211,0.7854,0.5,4.487231345,0.006022253,643,12,2
15,0.68657,0.7854,0.5,4.445492748,0.044273432,643,12,1
15,0.71103,0.7854,0.5,4.374578378,0.044633634,643,12,1
15,0.73548,0.7854,0.5,3.997654228,0.153212884,643,9,3
15,0.75994,0.7854,0.5,1.556343939,1.639625758,643,11,0
15,0.7844,0.7854,0.5,4.57e-12,1.27e-11,643,9,2
14,0.001,0.7854,0.0,0.0003007583487161,0.0003295500152566,343,22,3
14,0.02546,0.7854,0.0,0.0358906511302209,0.0160914297727157,343,21,4
14,0.04991,0.7854,0.0,0.1823888632023526,0.0855055712045474,343,25,0
14,0.07437,0.7854,0.0,0.415723497467133,0.1413207530220198,343,25,0
14,0.09883,0.7854,0.0,0.7155642537624942,0.1556843723796971,343,24,0
14,0.12328,0.7854,0.0,1.2412643497542004,0.219164049989387,343,25,0
14,0.14774,0.7854,0.0,1.9439215958527127,0.1255236535097759,343,25,0
14,0.1722,0.7854,0.0,2.769076037919744,0.1536353779549133,343,23,2
14,0.19665,0.7854,0.0,3.3231795810615785,0.1201813741085591,343,25,0
14,0.22111,0.7854,0.0,3.70819794929871,0.0864545766344948,343,25,0
14,0.24557,0.7854,0.0,3.943367971318912,0.0454131793840033,343,24,1
14,0.27002,0.7854,0.0,4.068468647670531,0.025922051411268,343,25,0
14,0.29448,0.7854,0.0,4.155859801252943,0.0105714280649191,343,21,4
14,0.31894,0.7854,0.0,4.192248133590356,0.0119947197550497,343,25,0
14,0.34339,0.7854,0.0,4.222108752745967,0.0041574203098423,343,22,3
14,0.36785,0.7854,0.0,4.237696912055921,0.004618737842713,343,24,1
14,0.39231,0.7854,0.0,4.247952441559533,0.0024650303842738,343,24,1
14,0.41755,0.7854,0.0,4.254702515356724,0.0020517324742289,343,23,2
14,0.44201,0.7854,0.0,4.258278611973249,0.001941291844422,343,24,1
14,0.46646,0.7854,0.0,4.261283603894633,0.0011952314310852,343,23,2
14,0.49092,0.7854,0.0,4.262945104820319,0.0015230784824382,343,24,1
14,0.51538,0.7854,0.0,4.263984756375687,0.0008418140373439,343,24,1
14,0.53983,0.7854,0.0,4.26452487994757,0.0004628656158447,343,20,5
14,0.56429,0.7854,0.0,4.264076290973048,0.0012248674905631,343,22,3
14,0.58874,0.7854,0.0,4.263697911085711,0.0016945135677843,343,23,2
14,0.6132,0.7854,0.0,4.259815007142178,0.0054265241315956,343,24,1
14,0.63766,0.7854,0.0,4.245712910546075,0.0187106338210205,343,24,1
14,0.66211,0.7854,0.0,4.17216488218168,0.0763960369109355,343,25,0
14,0.68657,0.7854,0.0,4.150547056600379,0.0811732087949134,343,23,2
14,0.71103,0.7854,0.0,4.000564784330283,0.1119295969386929,343,25,0
14,0.73548,0.7854,0.0,3.8461324088757136,0.08450544899255,343,22,3
14,0.75994,0.7854,0.0,1.897153089831891,1.7889308602410268,343,25,0
14,0.7844,0.7854,0.0,2.110927054252344,1.733619082545324,343,25,0
13,0.001,0.7854,0.5,0.0002136294154951,0.0002314295789549,171,21,4
13,0.02546,0.7854,0.5,0.0411782123980048,0.0273104285381259,171,22,3
13,0.04991,0.7854,0.5,0.1628036607970303,0.0666822478195249,171,25,0
13,0.07437,0.7854,0.5,0.4082943296602693,0.1328477611095654,171,25,0
13,0.09883,0.7854,0.5,0.6148569835610828,0.1199476185122066,171,25,0
13,0.12328,0.7854,0.5,1.0703433577479184,0.1808699364031566,171,25,0
13,0.14774,0.7854,0.5,1.671561521391709,0.1763738944054408,171,25,0
13,0.1722,0.7854,0.5,2.2692958605102755,0.1299543202429598,171,24,1
13,0.19665,0.7854,0.5,2.77011675783198,0.1122655129896841,171,24,1
13,0.22111,0.7854,0.5,3.20501903374642,0.1061093816915695,171,25,0
13,0.24557,0.7854,0.5,3.4547560688206,0.0427769886795349,171,25,0
13,0.27002,0.7854,0.5,3.582976736078258,0.0193308347535017,171,23,2
13,0.29448,0.7854,0.5,3.669935180743406,0.0186407857682512,171,25,0
13,0.31894,0.7854,0.5,3.72022036001884,0.0085659678263249,171,25,0
13,0.34339,0.7854,0.5,3.7465499025784426,0.008869867091857,171,25,0
13,0.36785,0.7854,0.5,3.76607664582272,0.0046827072906736,171,24,1
13,0.39231,0.7854,0.5,3.780528348080754,0.0058212551526209,171,25,0
13,0.41755,0.7854,0.5,3.789784277788428,0.0040215552428642,171,25,0
13,0.44201,0.7854,0.5,3.7948553316946976,0.0029637938924369,171,25,0
13,0.46646,0.7854,0.5,3.79773084413748,0.0021935848025773,171,25,0
13,0.49092,0.7854,0.5,3.799978152006202,0.0023670681377595,171,25,0
13,0.51538,0.7854,0.5,3.801299014649548,0.0015610200396333,171,25,0
13,0.53983,0.7854,0.5,3.8020517639857663,0.0016333809427827,171,25,0
13,0.56429,0.7854,0.5,3.8024453570643626,0.0012336773004383,171,25,0
13,0.58874,0.7854,0.5,3.800521256411389,0.0020507610030739,171,25,0
13,0.6132,0.7854,0.5,3.796484850629199,0.0042952797358312,171,24,1
13,0.63766,0.7854,0.5,3.792204546137184,0.0059853944244991,171,22,3
13,0.66211,0.7854,0.5,3.749480373488268,0.0391880201673111,171,25,0
13,0.68657,0.7854,0.5,3.683678281688849,0.0727414095145637,171,25,0
13,0.71103,0.7854,0.5,3.5067179985915105,0.0843898500393356,171,25,0
13,0.73548,0.7854,0.5,3.221475449062138,0.129921836274108,171,25,0
13,0.75994,0.7854,0.5,2.907332087397493,0.1263867089157697,171,24,1
13,0.7844,0.7854,0.5,2.774382429494203,0.0949262336967411,171,22,3
12,0.001,0.7854,0.0,7.652342389334074e-05,4.8652730128360685e-05,92,20,5
12,0.02546,0.7854,0.0,0.09650402718528407,0.06744372762227543,92,24,1
12,0.04991,0.7854,0.0,0.19185222697352067,0.07870642458394286,92,24,1
12,0.07437,0.7854,0.0,0.3521874832214415,0.12492887211159921,92,24,1
12,0.09883,0.7854,0.0,0.6251283935278794,0.13780891802484765,92,24,1
12,0.12328,0.7854,0.0,1.0243050973035634,0.16418242246284984,92,24,1
12,0.14774,0.7854,0.0,1.4260639564552011,0.16687123652302596,92,25,0
12,0.1722,0.7854,0.0,1.9524055967119867,0.22631831259030571,92,25,0
12,0.19665,0.7854,0.0,2.493694778380645,0.10876921947284121,92,25,0
12,0.22111,0.7854,0.0,2.8411452051408705,0.14699836929566024,92,24,1
12,0.24557,0.7854,0.0,3.0953479343536703,0.073189794307853,92,24,1
12,0.27002,0.7854,0.0,3.269867886199503,0.051403817636173056,92,24,1
12,0.29448,0.7854,0.0,3.3783141057296917,0.026721729448089662,92,22,3
12,0.31894,0.7854,0.0,3.4427885708823442,0.029229442319935586,92,25,0
12,0.34339,0.7854,0.0,3.490402045330496,0.02970982366058134,92,25,0
12,0.36785,0.7854,0.0,3.520041090899461,0.017710547319394213,92,25,0
12,0.39231,0.7854,0.0,3.538723566685236,0.008337058465553554,92,22,3
12,0.41755,0.7854,0.0,3.5509225570930782,0.009836765559532445,92,25,0
12,0.44201,0.7854,0.0,3.559679779687717,0.010527298311698411,92,25,0
12,0.46646,0.7854,0.0,3.5656501499905495,0.004739222731344245,92,24,1
12,0.49092,0.7854,0.0,3.569473758744789,0.007148954625781708,92,23,2
12,0.51538,0.7854,0.0,3.5726546944557582,0.006173042317906679,92,24,1
12,0.53983,0.7854,0.0,3.5720709543980997,0.004836784047493081,92,24,1
12,0.56429,0.7854,0.0,3.571886709450357,0.00503426821717805,92,23,2
12,0.58874,0.7854,0.0,3.5604570362243315,0.011796338076181667,92,25,0
12,0.6132,0.7854,0.0,3.553992280825053,0.017808791472157092,92,24,1
12,0.63766,0.7854,0.0,3.5166989532609607,0.04019610498794281,92,25,0
12,0.66211,0.7854,0.0,3.4539188986721685,0.07921066677499708,92,25,0
12,0.68657,0.7854,0.0,3.3692398812614033,0.09342960075058053,92,25,0
12,0.71103,0.7854,0.0,3.30293342892598,0.10749998574465618,92,24,1
12,0.73548,0.7854,0.0,3.0494998458227487,0.15415328979264722,92,21,4
12,0.75994,0.7854,0.0,3.075091464207277,0.262686690592068,92,23,2
12,0.7844,0.7854,0.0,2.813088515458369,0.41863228136577163,92,25,0
