N,J,Jz,magnetization,gap_ratio_mean,gap_ratio_std,num_states_per_rd_instance,num_rd_instances,thrown_instances
15,0.01,0.01,0.5,0.388441185809225,0.0,643,1,2
15,0.01,0.05,0.5,0.3763021804224473,0.0,643,1,2
15,0.01,0.091,0.5,0.3725271588884182,0.0,643,1,2
15,0.01,0.131,0.5,0.3938588589843232,0.0,643,1,2
15,0.01,0.172,0.5,0.3961813625129214,0.0,643,1,2
15,0.01,0.212,0.5,0.389815112111903,0.0,643,1,2
15,0.01,0.252,0.5,0.3925315209850531,0.0,643,1,2
15,0.01,0.293,0.5,0.3743194249028285,0.0,643,1,2
15,0.01,0.333,0.5,0.3922032873729097,0.0,643,1,2
15,0.01,0.374,0.5,0.3876507631667084,0.0,643,1,2
15,0.01,0.414,0.5,0.3784039973641193,0.0,643,1,2
15,0.01,0.454,0.5,0.3785162697554226,0.0,643,1,2
15,0.01,0.495,0.5,0.3769651235973266,0.0,643,1,2
15,0.01,0.535,0.5,0.3834386389748045,0.0080133739074998,643,2,2
15,0.01,0.576,0.5,0.3952789901315962,0.0,643,1,2
15,0.01,0.616,0.5,0.3819553818835285,0.0,643,1,2
15,0.01,0.656,0.5,0.3869272491732273,0.0,643,1,2
15,0.01,0.697,0.5,0.382842231430611,0.0,643,1,2
15,0.01,0.737,0.5,0.3841205974218101,0.0,643,1,2
15,0.01,0.778,0.5,0.386448596557914,0.0,643,1,2
15,0.05,0.01,0.5,0.4038390622571808,0.0,643,1,2
15,0.05,0.05,0.5,0.3961902544663829,0.0,643,1,2
15,0.05,0.091,0.5,0.3810673647400477,0.0,643,1,2
15,0.05,0.131,0.5,0.3892130731890749,0.0,643,1,2
15,0.05,0.172,0.5,0.3916887446428526,0.0,643,1,2
15,0.05,0.212,0.5,0.3819425659662193,0.0,643,1,2
15,0.05,0.252,0.5,0.3877617651857841,0.0,643,1,2
15,0.05,0.293,0.5,0.3851115159393393,0.0023171765609234,643,2,2
15,0.05,0.333,0.5,0.3983776365058401,0.0,643,1,2
15,0.05,0.374,0.5,0.3758313644309531,0.0,643,1,2
15,0.05,0.414,0.5,0.3986391537542967,0.0,643,1,2
15,0.05,0.454,0.5,0.3785818162532142,0.0,643,1,2
15,0.05,0.495,0.5,0.3775650904931762,0.0,643,1,2
15,0.05,0.535,0.5,0.3759950646906012,0.0,643,1,2
15,0.05,0.576,0.5,0.3974764027485976,0.0,643,1,2
15,0.05,0.616,0.5,0.3849679673198662,0.0,643,1,2
15,0.05,0.656,0.5,0.3836392272613516,0.0,643,1,2
15,0.05,0.697,0.5,0.3852356519054312,0.0,643,1,2
15,0.05,0.737,0.5,0.399171727222799,0.0,643,1,2
15,0.05,0.778,0.5,0.3903538019378595,0.0,643,1,2
15,0.091,0.01,0.5,0.3531833607920834,0.0,643,1,2
15,0.091,0.05,0.5,0.3956578399951713,0.0,643,1,2
15,0.091,0.091,0.5,0.4011961938305918,0.001653055368761,643,2,2
15,0.091,0.131,0.5,0.3814076007619521,0.0,643,1,2
15,0.091,0.172,0.5,0.3968059396814158,0.0,643,1,2
15,0.091,0.212,0.5,0.3905909303895589,0.0,643,1,2
15,0.091,0.252,0.5,0.3839185466148729,0.0,643,1,2
15,0.091,0.293,0.5,0.409562923492703,0.0,643,1,2
15,0.091,0.333,0.5,0.3864168748173467,0.0,643,1,2
15,0.091,0.374,0.5,0.388574252321165,0.0,643,1,2
15,0.091,0.414,0.5,0.3793792308337513,0.0,643,1,2
15,0.091,0.454,0.5,0.3950927777697987,0.0,643,1,2
15,0.091,0.495,0.5,0.3888113106305382,0.0,643,1,2
15,0.091,0.535,0.5,0.379042538341846,0.0,643,1,2
15,0.091,0.576,0.5,0.3892832818593602,0.0001403158117867,643,2,2
15,0.091,0.616,0.5,0.3952829574793147,0.0,643,1,2
15,0.091,0.656,0.5,0.388808198559286,0.0,643,1,2
15,0.091,0.697,0.5,0.3836075513182212,0.0088142945838717,643,2,2
15,0.091,0.737,0.5,0.4035727664769859,0.0,643,1,2
15,0.091,0.778,0.5,0.403731865494603,0.0,643,1,2
15,0.131,0.01,0.5,0.3930730494580534,0.0,643,1,2
15,0.131,0.05,0.5,0.3911817315668364,0.0,643,1,2
15,0.131,0.091,0.5,0.3883311026086757,0.0,643,1,2
15,0.131,0.131,0.5,0.3876131962755776,0.0,643,1,2
15,0.131,0.172,0.5,0.4139726627671789,0.0,643,1,2
15,0.131,0.212,0.5,0.3878270349777556,0.0,643,1,2
15,0.131,0.252,0.5,0.3916264918278125,0.0,643,1,2
15,0.131,0.293,0.5,0.4047468073716297,0.0,643,1,2
15,0.131,0.333,0.5,0.4259717778136297,0.0,643,1,2
15,0.131,0.374,0.5,0.3961362335669899,0.0,643,1,2
15,0.131,0.414,0.5,0.411185162687815,0.0,643,1,2
15,0.131,0.454,0.5,0.4203828417337046,0.0,643,1,2
15,0.131,0.495,0.5,0.3980201207713197,0.0022979512575205,643,2,2
15,0.131,0.535,0.5,0.4412774937192201,0.0,643,1,2
15,0.131,0.576,0.5,0.4291304031518749,0.0,643,1,2
15,0.131,0.616,0.5,0.4324119957257231,0.0013194640760341,643,2,2
15,0.131,0.656,0.5,0.4322650441973201,0.0,643,1,2
15,0.131,0.697,0.5,0.4037904664027542,0.0,643,1,2
15,0.131,0.737,0.5,0.4287474578100009,0.0,643,1,2
15,0.131,0.778,0.5,0.4369578289408507,0.0,643,1,2
15,0.172,0.01,0.5,0.4084716360788978,0.0,643,1,2
15,0.172,0.05,0.5,0.3855504621398178,0.0,643,1,2
15,0.172,0.091,0.5,0.4034933282737905,0.0,643,1,2
15,0.172,0.131,0.5,0.399037678643902,0.0,643,1,2
15,0.172,0.172,0.5,0.4191824733576385,0.0,643,1,2
15,0.172,0.212,0.5,0.4304909734816711,0.0,643,1,2
15,0.172,0.252,0.5,0.4319970606037639,0.0,643,1,2
15,0.172,0.293,0.5,0.4437748560320685,0.0016552441070678,643,2,2
15,0.172,0.333,0.5,0.4727734795245792,0.0,643,1,2
15,0.172,0.374,0.5,0.4813414030390816,0.0,643,1,2
15,0.172,0.414,0.5,0.4721576220759995,0.0,643,1,2
15,0.172,0.454,0.5,0.5034281742624029,0.0,643,1,2
15,0.172,0.495,0.5,0.5138184152657599,0.0,643,1,2
15,0.172,0.535,0.5,0.5326723075505237,0.0,643,1,2
15,0.172,0.576,0.5,0.5306031207836608,0.0,643,1,2
15,0.172,0.616,0.5,0.5243843507641769,0.0,643,1,2
15,0.172,0.656,0.5,0.5290439088413628,0.0,643,1,2
15,0.172,0.697,0.5,0.5405772496054317,0.0,643,1,2
15,0.172,0.737,0.5,0.5662439655118332,0.0,643,1,2
15,0.172,0.778,0.5,0.548124242517311,0.0,643,1,2
15,0.212,0.01,0.5,0.3894586428680796,0.0,643,1,2
15,0.212,0.05,0.5,0.3936581610281166,0.0,643,1,2
15,0.212,0.091,0.5,0.41639849633464,0.0027186758249542,643,2,2
15,0.212,0.131,0.5,0.397121790573445,0.0,643,1,2
15,0.212,0.172,0.5,0.4721159734799853,0.0,643,1,2
15,0.212,0.212,0.5,0.501405907516097,0.0,643,1,2
15,0.212,0.252,0.5,0.4845131411493537,0.0,643,1,2
15,0.212,0.293,0.5,0.5317466390221307,0.0,643,1,2
15,0.212,0.333,0.5,0.5374163530707954,0.0,643,1,2
15,0.212,0.374,0.5,0.5623485111744098,0.0,643,1,2
15,0.212,0.414,0.5,0.5809124085606929,0.0,643,1,2
15,0.212,0.454,0.5,0.5959097076700678,0.0,643,1,2
15,0.212,0.495,0.5,0.5917202343476412,0.0,643,1,2
15,0.212,0.535,0.5,0.5813761391869721,0.0,643,1,2
15,0.212,0.576,0.5,0.6014302035006099,0.0016235666645314,643,2,2
15,0.212,0.616,0.5,0.5888168298210272,0.0,643,1,2
15,0.212,0.656,0.5,0.6040584257076302,0.0013435062911673,643,2,2
15,0.212,0.697,0.5,0.5805094243293019,0.0331733995370275,643,2,2
15,0.212,0.737,0.5,0.6028047044534923,0.0,643,1,2
15,0.212,0.778,0.5,0.5888497200713906,0.0,643,1,2
15,0.252,0.01,0.5,0.3767345603017624,0.0,643,1,2
15,0.252,0.05,0.5,0.4064675020536077,0.0,643,1,2
15,0.252,0.091,0.5,0.4193477068692974,0.0,643,1,2
15,0.252,0.131,0.5,0.4548688045865644,0.0,643,1,2
15,0.252,0.172,0.5,0.5598809186908531,0.0,643,1,2
15,0.252,0.212,0.5,0.5714916125848338,0.0,643,1,2
15,0.252,0.252,0.5,0.5766255463471683,0.0,643,1,2
15,0.252,0.293,0.5,0.5992601104434694,0.0,643,1,2
15,0.252,0.333,0.5,0.6036028986480882,0.0,643,1,2
15,0.252,0.374,0.5,0.6037729933951488,0.0,643,1,2
15,0.252,0.414,0.5,0.5917212218440484,0.0,643,1,2
15,0.252,0.454,0.5,0.5906749101697202,0.0,643,1,2
15,0.252,0.495,0.5,0.5890061956337476,0.0020109940930284,643,2,2
15,0.252,0.535,0.5,0.6056130536339035,0.0,643,1,2
15,0.252,0.576,0.5,0.6006665971812024,0.0,643,1,2
15,0.252,0.616,0.5,0.5944595914981214,0.0,643,1,2
15,0.252,0.656,0.5,0.5877618837963523,0.0,643,1,2
15,0.252,0.697,0.5,0.6085956519471116,0.0007051267285637,643,2,2
15,0.252,0.737,0.5,0.5946248911552455,0.0,643,1,2
15,0.252,0.778,0.5,0.6050802431219492,0.0,643,1,2
15,0.293,0.01,0.5,0.3921096493805692,0.0,643,1,2
15,0.293,0.05,0.5,0.4389004572093492,0.0,643,1,2
15,0.293,0.091,0.5,0.4674022096117212,0.0,643,1,2
15,0.293,0.131,0.5,0.5607306151248207,0.0,643,1,2
15,0.293,0.172,0.5,0.4364625928679387,0.0,643,1,2
15,0.293,0.212,0.5,0.5890826581096429,0.0,643,1,2
15,0.293,0.252,0.5,0.6094130691026931,0.0,643,1,2
15,0.293,0.293,0.5,0.5977637952939148,0.009228556534279,643,2,2
15,0.293,0.333,0.5,0.5943493442857207,0.0,643,1,2
15,0.293,0.374,0.5,0.6042027969186082,0.0,643,1,2
15,0.293,0.414,0.5,0.602658414389822,0.0,643,1,2
15,0.293,0.454,0.5,0.5961332809980777,0.0,643,1,2
15,0.293,0.495,0.5,0.6089104885765909,0.0,643,1,2
15,0.293,0.535,0.5,0.5877742190805123,0.0,643,1,2
15,0.293,0.576,0.5,0.5919955215804611,0.0,643,1,2
15,0.293,0.616,0.5,0.5971236257486042,0.0,643,1,2
15,0.293,0.656,0.5,0.586767947311732,0.0,643,1,2
15,0.293,0.697,0.5,0.6003339593657123,0.0,643,1,2
15,0.293,0.737,0.5,0.599449241726858,0.0,643,1,2
15,0.293,0.778,0.5,0.60312654191774,0.0009882453846193,643,2,2
15,0.333,0.01,0.5,0.3858883867427254,0.0,643,1,2
15,0.333,0.05,0.5,0.4408268123167392,0.0,643,1,2
15,0.333,0.091,0.5,0.5292374294742507,0.0120519074072636,643,2,2
15,0.333,0.131,0.5,0.5913363181728453,0.0,643,1,2
15,0.333,0.172,0.5,0.5798962153332468,0.0,643,1,2
15,0.333,0.212,0.5,0.603009386700047,0.0,643,1,2
15,0.333,0.252,0.5,0.6110172938721263,0.0,643,1,2
15,0.333,0.293,0.5,0.5993118846098499,0.0,643,1,2
15,0.333,0.333,0.5,0.5936590768398694,0.0,643,1,2
15,0.333,0.374,0.5,0.6046571745415821,0.0,643,1,2
15,0.333,0.414,0.5,0.5976224852474901,0.0,643,1,2
15,0.333,0.454,0.5,0.6162789599924241,0.0,643,1,2
15,0.333,0.495,0.5,0.6149415418984167,0.0,643,1,2
15,0.333,0.535,0.5,0.5953206321475483,0.0,643,1,2
15,0.333,0.576,0.5,0.6043262254161994,0.0,643,1,2
15,0.333,0.616,0.5,0.602958113693479,0.0,643,1,2
15,0.333,0.656,0.5,0.5925674286987307,0.0,643,1,2
15,0.333,0.697,0.5,0.5942190504182481,0.0012460783265097,643,2,2
15,0.333,0.737,0.5,0.5836070208921912,0.0,643,1,2
15,0.333,0.778,0.5,0.5989774739019812,0.0,643,1,2
15,0.374,0.01,0.5,0.3832269425604066,0.0,643,1,2
15,0.374,0.05,0.5,0.4876989524802321,0.0,643,1,2
15,0.374,0.091,0.5,0.5864010244523508,0.0,643,1,2
15,0.374,0.131,0.5,0.5956009374360166,0.0,643,1,2
15,0.374,0.172,0.5,0.6193899437492817,0.0,643,1,2
15,0.374,0.212,0.5,0.5959061972889698,0.0,643,1,2
15,0.374,0.252,0.5,0.6022748182160059,0.0,643,1,2
15,0.374,0.293,0.5,0.594750156678119,0.0,643,1,2
15,0.374,0.333,0.5,0.6021382654284875,0.0,643,1,2
15,0.374,0.374,0.5,0.6056622851849411,0.0,643,1,2
15,0.374,0.414,0.5,0.5879047745775233,0.0,643,1,2
15,0.374,0.454,0.5,0.5881710350234503,6.726165602410905e-05,643,2,2
15,0.374,0.495,0.5,0.5942603779959272,0.0005433402960474,643,2,2
15,0.374,0.535,0.5,0.6015088199234171,0.0,643,1,2
15,0.374,0.576,0.5,0.4384578572080102,0.0,643,1,2
15,0.374,0.616,0.5,0.6055825193741997,0.0,643,1,2
15,0.374,0.656,0.5,0.6087681087553498,0.0,643,1,2
15,0.374,0.697,0.5,0.5882419811378803,0.0,643,1,2
15,0.374,0.737,0.5,0.5860814043037595,0.0,643,1,2
15,0.374,0.778,0.5,0.5869129856778031,0.0,643,1,2
15,0.414,0.01,0.5,0.4029047937287974,0.0035148208089922,643,2,2
15,0.414,0.05,0.5,0.5430198054197627,0.0007380941160683,643,2,2
15,0.414,0.091,0.5,0.580145276110398,0.0002917317687273,643,2,2
15,0.414,0.131,0.5,0.6003367694554973,0.0,643,1,2
15,0.414,0.172,0.5,0.6104900757188615,0.0019968171886541,643,2,2
15,0.414,0.212,0.5,0.5866575676403862,0.0110234224362901,643,2,2
15,0.414,0.252,0.5,0.6048006880079815,0.000484140515118,643,2,2
15,0.414,0.293,0.5,0.6055886211656688,0.0,643,1,4
15,0.414,0.333,0.5,0.5880655614403428,0.0,643,1,2
15,0.414,0.374,0.5,0.6035309673846961,0.0020123366445432,643,2,2
15,0.414,0.414,0.5,0.6087224052729069,0.0,643,1,2
15,0.414,0.454,0.5,0.5940485825846716,0.0091462008371115,643,2,2
15,0.414,0.495,0.5,0.5945014427286133,0.00646726435196,643,2,2
15,0.414,0.535,0.5,0.6031785316142242,0.0049971683117019,643,2,2
15,0.414,0.576,0.5,0.5983402418194401,0.0051949029448727,643,2,2
15,0.414,0.616,0.5,0.6038807686098957,0.0036089293267465,643,2,2
15,0.414,0.656,0.5,0.5921808463049537,0.0028550395810136,643,2,2
15,0.414,0.697,0.5,0.6052298579878681,0.0013611743584975,643,2,2
15,0.414,0.737,0.5,0.603455254169402,0.0026846493845097,643,2,2
15,0.414,0.778,0.5,0.6025635246158214,0.0007729856891202,643,2,2
15,0.454,0.01,0.5,0.4025563894774179,0.0026920271223246,643,2,2
15,0.454,0.05,0.5,0.5354773162025352,0.008476367334927,643,2,2
15,0.454,0.091,0.5,0.6073498944312077,0.0029419196040803,643,2,2
15,0.454,0.131,0.5,0.6078694257917671,0.0040536148721586,643,2,2
15,0.454,0.172,0.5,0.608260824289077,0.0002846261848747,643,2,2
15,0.454,0.212,0.5,0.6019321813100731,0.0007806147924682,643,2,2
15,0.454,0.252,0.5,0.599951213550352,0.0,643,1,4
15,0.454,0.293,0.5,0.5994046354352713,0.0037722686684789,643,2,2
15,0.454,0.333,0.5,0.5989436715868508,0.0,643,1,2
15,0.454,0.374,0.5,0.5958540312015264,0.0175688101254663,643,2,2
15,0.454,0.414,0.5,0.5966827642241109,0.0,643,1,2
15,0.454,0.454,0.5,0.5955910472881565,0.0017240350805352,643,2,2
15,0.454,0.495,0.5,0.5996549909179583,0.0066142248454476,643,2,2
15,0.454,0.535,0.5,0.6057127787783677,0.0036503520365493,643,2,2
15,0.454,0.576,0.5,0.6055378170535879,0.0069341002957203,643,2,2
15,0.454,0.616,0.5,0.598287081694487,0.0011598297576573,643,2,2
15,0.454,0.656,0.5,0.5970408902601221,0.0072990485988157,643,2,2
15,0.454,0.697,0.5,0.6013517859097197,0.0,643,1,4
15,0.454,0.737,0.5,0.605471545303579,7.954130480747335e-05,643,2,2
15,0.454,0.778,0.5,0.5945580474949502,0.0010421513472207,643,2,2
15,0.495,0.01,0.5,0.4130950017231844,0.0027828469312986,643,2,2
15,0.495,0.05,0.5,0.5690968873798764,0.008781563168578,643,2,2
15,0.495,0.091,0.5,0.5975941342235251,0.0086424503850164,643,2,2
15,0.495,0.131,0.5,0.5954542038505924,0.0017721249435987,643,2,2
15,0.495,0.172,0.5,0.5976531081685128,0.0067856671196811,643,2,2
15,0.495,0.212,0.5,0.5997236379730955,0.0054722075310252,643,2,2
15,0.495,0.252,0.5,0.6014040477732261,0.0019485012473351,643,2,2
15,0.495,0.293,0.5,0.6053408452966521,0.0037850393825448,643,2,2
15,0.495,0.333,0.5,0.603274534010678,0.0009612939925032,643,2,2
15,0.495,0.374,0.5,0.5937956477883641,0.0011614984706209,643,2,2
15,0.495,0.414,0.5,0.5938988330779787,0.0,643,1,4
15,0.495,0.454,0.5,0.5844260281201528,0.002044447150901,643,2,2
15,0.495,0.495,0.5,0.5930114364150914,0.0029962349085698,643,2,2
15,0.495,0.535,0.5,0.5953929768491992,0.0002546483913555,643,2,2
15,0.495,0.576,0.5,0.6027272400974859,0.0,643,1,2
15,0.495,0.616,0.5,0.5942384373947158,4.742661173923191e-05,643,2,2
15,0.495,0.656,0.5,0.6012078461335055,0.0019841624125728,643,2,2
15,0.495,0.697,0.5,0.5913689385390761,0.0028786481804988,643,2,2
15,0.495,0.737,0.5,0.5893855600421608,0.0009487471967687,643,2,2
15,0.495,0.778,0.5,0.6017923338759988,0.0057126097289325,643,2,2
15,0.535,0.01,0.5,0.3986682300507238,0.0029938490823045,643,2,2
15,0.535,0.05,0.5,0.5603886253325612,0.006380459131594,643,2,2
15,0.535,0.091,0.5,0.6101984224800143,0.005908194127055,643,2,2
15,0.535,0.131,0.5,0.6023071808868968,0.0044384706833525,643,2,2
15,0.535,0.172,0.5,0.5939786068367564,0.0113881326098671,643,2,2
15,0.535,0.212,0.5,0.5920590419505685,0.0035939480379982,643,2,2
15,0.535,0.252,0.5,0.5986015721247109,0.0016669721693588,643,2,2
15,0.535,0.293,0.5,0.6082756568797585,0.0066430586950538,643,2,2
15,0.535,0.333,0.5,0.6053225385618759,0.0033423352730113,643,2,2
15,0.535,0.374,0.5,0.5992008006553556,0.0065519708770224,643,2,2
15,0.535,0.414,0.5,0.5960924925867412,0.0,643,1,4
15,0.535,0.454,0.5,0.5999062189102198,6.855350437084962e-05,643,2,2
15,0.535,0.495,0.5,0.5896878433839379,0.0071546781081002,643,2,2
15,0.535,0.535,0.5,0.6008708648324352,0.002782216527219,643,2,2
15,0.535,0.576,0.5,0.59870886034049,0.0023903038280752,643,2,2
15,0.535,0.616,0.5,0.6057618404192857,0.0026167202158873,643,2,2
15,0.535,0.656,0.5,0.5930888534518586,0.00168263417449,643,2,2
15,0.535,0.697,0.5,0.6114718986837325,0.002388543575631,643,2,2
15,0.535,0.737,0.5,0.5997084752322318,0.0120492224500468,643,2,2
15,0.535,0.778,0.5,0.6064651818051887,0.0,643,1,4
15,0.576,0.01,0.5,0.3981659439111539,0.0011549072577833,643,2,2
15,0.576,0.05,0.5,0.549503588161755,0.0026889213535463,643,2,2
15,0.576,0.091,0.5,0.6059286027571604,0.0010579271438993,643,2,2
15,0.576,0.131,0.5,0.601830451077892,0.0020727066670146,643,2,2
15,0.576,0.172,0.5,0.6029383403604385,0.0016451158026409,643,2,2
15,0.576,0.212,0.5,0.6100619737079949,0.0,643,1,2
15,0.576,0.252,0.5,0.5903475524998602,0.0,643,1,2
15,0.576,0.293,0.5,,,643,0,2
15,0.576,0.333,0.5,0.608759975813708,0.0,643,1,2
15,0.576,0.374,0.5,0.5881031046420959,0.0015000673652026,643,2,2
15,0.576,0.414,0.5,0.6025297172371052,0.0025057737609686,643,2,2
15,0.576,0.454,0.5,0.5992319096441912,0.0015859991844923,643,2,2
15,0.576,0.495,0.5,0.6032854492209093,9.578044837044164e-05,643,2,2
15,0.576,0.535,0.5,0.592759848780299,0.0090792728374532,643,2,2
15,0.576,0.576,0.5,0.6006324163393377,0.0031779203277812,643,2,2
15,0.576,0.616,0.5,0.6034848344254662,4.9107708356921353e-05,643,2,2
15,0.576,0.656,0.5,0.5938507478753552,0.001050310311752,643,2,2
15,0.576,0.697,0.5,0.5999042851595162,0.0016080757767054,643,2,2
15,0.576,0.737,0.5,0.5996307526080518,0.0041943530315011,643,2,2
15,0.576,0.778,0.5,0.5981073329125388,0.0062762315544894,643,2,2
15,0.616,0.01,0.5,0.4031370182769843,0.0,643,1,4
15,0.616,0.05,0.5,0.543577282190494,0.000323968455724,643,2,2
15,0.616,0.091,0.5,0.5938798100834239,0.0085621353764641,643,2,2
15,0.616,0.131,0.5,0.6081855789583285,0.0022736073136652,643,2,2
15,0.616,0.172,0.5,0.5999500579910326,0.0044744364002817,643,2,2
15,0.616,0.212,0.5,0.5886113815876308,0.004091490793114,643,2,2
15,0.616,0.252,0.5,0.6024478028239464,0.0070530457671271,643,2,2
15,0.616,0.293,0.5,0.5957540192809563,3.9269962122612245e-05,643,2,2
15,0.616,0.333,0.5,0.6025717359540333,0.0002439597467086,643,2,2
15,0.616,0.374,0.5,0.6008122714720097,0.0013388905234469,643,2,2
15,0.616,0.414,0.5,0.5899477250368634,0.0048425032686296,643,2,2
15,0.616,0.454,0.5,0.6018515051795728,0.0079019372907205,643,2,2
15,0.616,0.495,0.5,0.598223795458988,0.0048130696648058,643,2,2
15,0.616,0.535,0.5,0.5943015404246355,0.008707096348033,643,2,2
15,0.616,0.576,0.5,0.5967898927640309,0.0012676042805329,643,2,2
15,0.616,0.616,0.5,0.5867063076662816,0.0066497029961822,643,2,2
15,0.616,0.656,0.5,0.6125793277337724,0.0008023990700972,643,2,2
15,0.616,0.697,0.5,0.5611333477723935,0.0416377980468986,643,2,2
15,0.616,0.737,0.5,0.5950431869742778,0.0012224617884697,643,2,2
15,0.616,0.778,0.5,0.591193846519203,0.0003758048015712,643,2,2
15,0.656,0.01,0.5,0.3915227173241837,0.0011772514365221,643,2,2
15,0.656,0.05,0.5,0.5140502996841201,0.0210145811964369,643,2,2
15,0.656,0.091,0.5,0.5952043151762134,0.0058983435206127,643,2,2
15,0.656,0.131,0.5,0.5944592931349293,2.5691884794898368e-05,643,2,2
15,0.656,0.172,0.5,0.602215039953453,0.0025790960090288,643,2,2
15,0.656,0.212,0.5,0.6017151512065837,0.0052435632117708,643,2,2
15,0.656,0.252,0.5,0.5966979456741993,0.0,643,1,2
15,0.656,0.293,0.5,0.6032100302269551,0.0041056044991411,643,2,2
15,0.656,0.333,0.5,0.606004121214385,0.0059607542896761,643,2,2
15,0.656,0.374,0.5,0.6025084522941808,0.00543245717328,643,2,2
15,0.656,0.414,0.5,0.6075684187124777,0.0049987190538049,643,2,2
15,0.656,0.454,0.5,0.6023502853295316,0.0,643,1,2
15,0.656,0.495,0.5,0.5886830538243398,0.0060359002663287,643,2,2
15,0.656,0.535,0.5,0.6068683766973109,0.0032317365543843,643,2,2
15,0.656,0.576,0.5,0.6007922645666484,0.0024947086267773,643,2,2
15,0.656,0.616,0.5,0.6014029323095407,8.218185541702949e-05,643,2,2
15,0.656,0.656,0.5,0.6067291230187678,0.0068259133345407,643,2,2
15,0.656,0.697,0.5,0.5973041897903895,0.0088123767684558,643,2,2
15,0.656,0.737,0.5,0.6029539252645799,0.0047511101099951,643,2,2
15,0.656,0.778,0.5,0.6006379220353006,0.0040708448364386,643,2,2
15,0.697,0.01,0.5,0.4011085871779993,0.0003941214918631,643,2,2
15,0.697,0.05,0.5,0.4734333679036471,0.0109016494590256,643,2,2
15,0.697,0.091,0.5,0.5480038595587478,0.0005654881871681,643,2,2
15,0.697,0.131,0.5,0.5959214285244094,0.0068428135504287,643,2,2
15,0.697,0.172,0.5,0.6025317700880926,0.0003809765182931,643,2,2
15,0.697,0.212,0.5,0.5925763787013701,0.0125677490373725,643,2,2
15,0.697,0.252,0.5,0.5806110272490189,0.003075751496635,643,2,2
15,0.697,0.293,0.5,0.6024829424641569,0.004312037424178,643,2,2
15,0.697,0.333,0.5,0.5927973060421508,0.000394376112293,643,2,2
15,0.697,0.374,0.5,0.6010294500337647,0.0,643,1,2
15,0.697,0.414,0.5,0.5920128304257355,0.0046814119213206,643,2,2
15,0.697,0.454,0.5,0.589526787089524,0.0001904923277634,643,2,2
15,0.697,0.495,0.5,0.6033473418425123,0.0013234163698286,643,2,2
15,0.697,0.535,0.5,0.6075520215745791,0.0025371706298627,643,2,2
15,0.697,0.576,0.5,0.6129818505412852,0.0001691743871717,643,2,2
15,0.697,0.616,0.5,0.5983016026021645,0.001437710154329,643,2,2
15,0.697,0.656,0.5,0.5993076555977297,0.0009890096390758,643,2,2
15,0.697,0.697,0.5,0.5902686629304219,0.0037973669394621,643,2,2
15,0.697,0.737,0.5,0.5971102155588064,0.0038851384952208,643,2,2
15,0.697,0.778,0.5,0.5883233373431989,0.0047404760664848,643,2,2
15,0.737,0.01,0.5,0.3942136650027554,0.0073180194105844,643,2,2
15,0.737,0.05,0.5,0.414286169483915,0.0016588565987785,643,2,2
15,0.737,0.091,0.5,0.5069339404277171,0.0193893634828083,643,2,2
15,0.737,0.131,0.5,0.5357347271520054,0.0027453180565533,643,2,2
15,0.737,0.172,0.5,0.5556391153582325,0.001359428594745,643,2,2
15,0.737,0.212,0.5,0.5789286751652688,0.0024144202344195,643,2,2
15,0.737,0.252,0.5,0.5471168836867016,0.021084100398389,643,2,2
15,0.737,0.293,0.5,0.4939363632954063,0.0918034445285738,643,2,2
15,0.737,0.333,0.5,0.498324642815083,0.1008429375664093,643,2,2
15,0.737,0.374,0.5,0.5791608327313934,0.0073905922384889,643,2,2
15,0.737,0.414,0.5,0.5868004942202554,0.0026624832953879,643,2,2
15,0.737,0.454,0.5,0.5906207189126327,0.0032903030941375,643,2,2
15,0.737,0.495,0.5,0.5866601068618762,0.0059179305669983,643,2,2
15,0.737,0.535,0.5,0.5979061819082169,0.0037661796360985,643,2,2
15,0.737,0.576,0.5,0.597200871848035,0.0073809565074821,643,2,2
15,0.737,0.616,0.5,0.5971153454912441,0.0103956816629959,643,2,2
15,0.737,0.656,0.5,0.5991412782072125,0.0099245503758305,643,2,2
15,0.737,0.697,0.5,0.588263845284176,0.0023638040070816,643,2,2
15,0.737,0.737,0.5,0.4017781477548644,0.0195630257199193,643,2,2
15,0.737,0.778,0.5,0.5363276228549787,0.0052642487051253,643,2,2
15,0.778,0.01,0.5,0.3770590607858,0.0115321433311304,643,2,2
15,0.778,0.05,0.5,0.3978636686563412,0.0054317971469438,643,2,2
15,0.778,0.091,0.5,0.3838705521593226,0.0138765904860135,643,2,2
15,0.778,0.131,0.5,0.4002679934164994,8.380383923561885e-06,643,2,2
15,0.778,0.172,0.5,0.4038710319834054,0.0137247774045658,643,2,2
15,0.778,0.212,0.5,0.4010007408162813,0.007102590729006,643,2,2
15,0.778,0.252,0.5,0.3979360758840669,0.0002557234330701,643,2,2
15,0.778,0.293,0.5,0.3872685369666124,0.0,643,1,2
15,0.778,0.333,0.5,0.3962536828573511,0.0,643,1,4
15,0.778,0.374,0.5,0.4171469202572967,0.010268107177944,643,2,2
15,0.778,0.414,0.5,0.4007002916024421,0.0026823485170311,643,2,2
15,0.778,0.454,0.5,0.4413866401319832,0.0244191938277824,643,2,2
15,0.778,0.495,0.5,0.3981844053723284,0.0072148754524526,643,2,2
15,0.778,0.535,0.5,0.379983914905278,0.000578347970895,643,2,2
15,0.778,0.576,0.5,0.4150294498147574,0.0042166334462621,643,2,2
15,0.778,0.616,0.5,0.431856377246937,0.0098676950058708,643,2,2
15,0.778,0.656,0.5,0.4115083930633653,0.005985272559122,643,2,2
15,0.778,0.697,0.5,0.4042293093399377,0.0157419183248179,643,2,2
15,0.778,0.737,0.5,0.3765155942154145,0.0028804163769951,643,2,2
15,0.778,0.778,0.5,,,643,0,3
14,0.01,0.01,0.0,,,343,0,2
14,0.01,0.05,0.0,0.3594197070253692,0.0,343,1,0
14,0.01,0.091,0.0,0.3785440706367623,0.0,343,1,0
14,0.01,0.131,0.0,0.3722181548103714,0.0,343,1,0
14,0.01,0.172,0.0,0.4169292279965977,0.0,343,1,0
14,0.01,0.212,0.0,0.4043258748899956,0.0,343,1,0
14,0.01,0.252,0.0,0.375630186791736,0.0,343,1,0
14,0.01,0.293,0.0,0.3891672813184509,0.0,343,1,0
14,0.01,0.333,0.0,0.4012527166242634,0.0,343,1,0
14,0.01,0.374,0.0,0.4033861734621368,0.0,343,1,0
14,0.01,0.414,0.0,0.3984489587635,0.0,343,1,0
14,0.01,0.454,0.0,0.3816155336613027,0.0,343,1,0
14,0.01,0.495,0.0,0.3911941162922887,0.0,343,1,0
14,0.01,0.535,0.0,0.4032441945148662,0.0,343,1,0
14,0.01,0.576,0.0,0.3879112919946514,0.0,343,1,0
14,0.01,0.616,0.0,0.3833282179889589,0.0,343,1,0
14,0.01,0.656,0.0,0.4254544739803065,0.0,343,1,0
14,0.01,0.697,0.0,0.360268579634671,0.0,343,1,0
14,0.01,0.737,0.0,0.4389715875347598,0.0,343,1,0
14,0.01,0.778,0.0,0.3911802707103624,0.0,343,1,0
14,0.05,0.01,0.0,0.3955275652344824,0.0,343,1,0
14,0.05,0.05,0.0,0.3990189666646592,0.0,343,1,0
14,0.05,0.091,0.0,0.3785509642573395,0.0,343,1,0
14,0.05,0.131,0.0,0.3903376152826167,0.0,343,1,0
14,0.05,0.172,0.0,0.3623759240407588,0.0,343,1,0
14,0.05,0.212,0.0,0.3852205737953501,0.0,343,1,0
14,0.05,0.252,0.0,0.4114887258861399,0.0,343,1,0
14,0.05,0.293,0.0,0.3989728377924851,0.0,343,1,0
14,0.05,0.333,0.0,0.3861674084170053,0.0,343,1,0
14,0.05,0.374,0.0,0.373151004748443,0.0,343,1,0
14,0.05,0.414,0.0,0.4129052712810916,0.0,343,1,0
14,0.05,0.454,0.0,0.4042635679838777,0.0,343,1,0
14,0.05,0.495,0.0,0.3935386766971052,0.0,343,1,0
14,0.05,0.535,0.0,0.3772977448580977,0.0,343,1,0
14,0.05,0.576,0.0,0.3914756215661735,0.0,343,1,0
14,0.05,0.616,0.0,0.3768625066817498,0.0,343,1,0
14,0.05,0.656,0.0,0.4147846853576461,0.0,343,1,0
14,0.05,0.697,0.0,0.3680348861281909,0.0,343,1,0
14,0.05,0.737,0.0,0.3918158073601936,0.0,343,1,0
14,0.05,0.778,0.0,0.3787251974429772,0.0,343,1,0
14,0.091,0.01,0.0,0.3841163413424762,0.0,343,1,0
14,0.091,0.05,0.0,0.4067463594766418,0.0,343,1,0
14,0.091,0.091,0.0,0.3969049557522316,0.0,343,1,0
14,0.091,0.131,0.0,0.4188442384009295,0.0,343,1,0
14,0.091,0.172,0.0,0.3843259095929991,0.0,343,1,0
14,0.091,0.212,0.0,0.4116962435663667,0.0,343,1,0
14,0.091,0.252,0.0,0.3869168649331175,0.0,343,1,0
14,0.091,0.293,0.0,0.4304456415110265,0.0,343,1,0
14,0.091,0.333,0.0,0.3692773013316812,0.0,343,1,0
14,0.091,0.374,0.0,0.3986463677377459,0.0,343,1,0
14,0.091,0.414,0.0,0.3821122665596321,0.0,343,1,0
14,0.091,0.454,0.0,0.4123340216096509,0.0,343,1,0
14,0.091,0.495,0.0,0.4014653490103297,0.0,343,1,0
14,0.091,0.535,0.0,0.4131129500297241,0.0,343,1,0
14,0.091,0.576,0.0,0.3897075595666832,0.0,343,1,0
14,0.091,0.616,0.0,0.3957093275611084,0.0,343,1,0
14,0.091,0.656,0.0,0.4052058308958121,0.0,343,1,0
14,0.091,0.697,0.0,0.3815145028453036,0.0,343,1,0
14,0.091,0.737,0.0,0.3978582462122639,0.0,343,1,0
14,0.091,0.778,0.0,0.3920575915497802,0.0,343,1,0
14,0.131,0.01,0.0,0.3748704919779548,0.0,343,1,0
14,0.131,0.05,0.0,0.3774967753560521,0.0,343,1,0
14,0.131,0.091,0.0,0.4194971603897688,0.0,343,1,0
14,0.131,0.131,0.0,0.3883766720077518,0.0,343,1,0
14,0.131,0.172,0.0,0.3846746143086931,0.0,343,1,0
14,0.131,0.212,0.0,0.4095929005074828,0.0,343,1,0
14,0.131,0.252,0.0,0.4102530764635866,0.0,343,1,0
14,0.131,0.293,0.0,0.3656341993322279,0.0,343,1,0
14,0.131,0.333,0.0,0.4600861436786803,0.0,343,1,0
14,0.131,0.374,0.0,0.3881045617043145,0.0,343,1,0
14,0.131,0.414,0.0,0.4074332776286554,0.0,343,1,0
14,0.131,0.454,0.0,0.3878833243814968,0.0,343,1,0
14,0.131,0.495,0.0,0.4586892240446893,0.0,343,1,0
14,0.131,0.535,0.0,0.4531976361139742,0.0,343,1,0
14,0.131,0.576,0.0,0.4316558923655419,0.0,343,1,0
14,0.131,0.616,0.0,0.4583739747075994,0.0,343,1,0
14,0.131,0.656,0.0,0.4310666522281748,0.0,343,1,0
14,0.131,0.697,0.0,0.4289797291450371,0.0,343,1,0
14,0.131,0.737,0.0,0.4431558727717777,0.0,343,1,0
14,0.131,0.778,0.0,0.4290707999536003,0.0,343,1,0
14,0.172,0.01,0.0,0.4007474113286569,0.0,343,1,0
14,0.172,0.05,0.0,0.4096638115971402,0.0,343,1,0
14,0.172,0.091,0.0,0.4277729822274586,0.0,343,1,0
14,0.172,0.131,0.0,0.3969139479736723,0.0,343,1,0
14,0.172,0.172,0.0,0.3959312020594804,0.0,343,1,0
14,0.172,0.212,0.0,0.3778827011178671,0.0,343,1,0
14,0.172,0.252,0.0,0.4663593005049373,0.0,343,1,0
14,0.172,0.293,0.0,0.421557881304825,0.0,343,1,0
14,0.172,0.333,0.0,0.4411946342237794,0.0,343,1,0
14,0.172,0.374,0.0,0.4748116016828631,0.0,343,1,0
14,0.172,0.414,0.0,0.4825012414650793,0.0,343,1,0
14,0.172,0.454,0.0,0.5310914755424111,0.0,343,1,0
14,0.172,0.495,0.0,0.520219601100779,0.0,343,1,0
14,0.172,0.535,0.0,0.4846331564749211,0.0,343,1,0
14,0.172,0.576,0.0,0.4897024701559994,0.0,343,1,0
14,0.172,0.616,0.0,0.5079505089431714,0.0,343,1,0
14,0.172,0.656,0.0,0.5214438637934743,0.0,343,1,0
14,0.172,0.697,0.0,0.4865625822062148,0.0,343,1,0
14,0.172,0.737,0.0,0.5023158632321246,0.0,343,1,0
14,0.172,0.778,0.0,0.536042444936204,0.0,343,1,0
14,0.212,0.01,0.0,0.3721686100952555,0.0,343,1,0
14,0.212,0.05,0.0,0.4108624495345555,0.0,343,1,0
14,0.212,0.091,0.0,0.4739436346410844,0.0,343,1,0
14,0.212,0.131,0.0,0.4387271713385765,0.0,343,1,0
14,0.212,0.172,0.0,0.4393574710470187,0.0,343,1,0
14,0.212,0.212,0.0,0.4575895036527,0.0,343,1,0
14,0.212,0.252,0.0,0.5565695345689228,0.0,343,1,0
14,0.212,0.293,0.0,0.5342483255216005,0.0,343,1,0
14,0.212,0.333,0.0,0.5152570877529976,0.0,343,1,0
14,0.212,0.374,0.0,0.5449338389684723,0.0,343,1,0
14,0.212,0.414,0.0,0.5928395043464664,0.0,343,1,0
14,0.212,0.454,0.0,0.4920212022468402,0.0,343,1,0
14,0.212,0.495,0.0,0.5696642027149957,0.0,343,1,0
14,0.212,0.535,0.0,0.5858550873562658,0.0,343,1,0
14,0.212,0.576,0.0,0.6143230947799069,0.0,343,1,0
14,0.212,0.616,0.0,0.5942652624379252,0.0,343,1,0
14,0.212,0.656,0.0,0.5767760844019757,0.0,343,1,0
14,0.212,0.697,0.0,0.586653640458489,0.0,343,1,0
14,0.212,0.737,0.0,0.5909454455776997,0.0,343,1,0
14,0.212,0.778,0.0,0.6110998720307141,0.0,343,1,0
14,0.252,0.01,0.0,0.3738173319566923,0.0,343,1,0
14,0.252,0.05,0.0,0.4095112101582098,0.0,343,1,0
14,0.252,0.091,0.0,0.4208331615486166,0.0,343,1,0
14,0.252,0.131,0.0,0.4797942160258252,0.0,343,1,0
14,0.252,0.172,0.0,0.4734625948874712,0.0,343,1,0
14,0.252,0.212,0.0,0.5353358685351045,0.0,343,1,0
14,0.252,0.252,0.0,0.5958454385378658,0.0,343,1,0
14,0.252,0.293,0.0,0.5287057371342654,0.0,343,1,0
14,0.252,0.333,0.0,0.6035104993180849,0.0,343,1,0
14,0.252,0.374,0.0,0.5884161944457739,0.0,343,1,0
14,0.252,0.414,0.0,0.5970106693108523,0.0,343,1,0
14,0.252,0.454,0.0,0.5289338783737983,0.0,343,1,0
14,0.252,0.495,0.0,0.6009622550483485,0.0,343,1,0
14,0.252,0.535,0.0,0.6006623875598968,0.0,343,1,0
14,0.252,0.576,0.0,0.5945901597676373,0.0,343,1,0
14,0.252,0.616,0.0,0.5898885173367905,0.0,343,1,0
14,0.252,0.656,0.0,0.6132821699354142,0.0,343,1,0
14,0.252,0.697,0.0,0.5914474362805665,0.0,343,1,0
14,0.252,0.737,0.0,0.5955881474017832,0.0,343,1,0
14,0.252,0.778,0.0,0.57705120191172,0.0,343,1,0
14,0.293,0.01,0.0,0.4124128032599913,0.0,343,1,0
14,0.293,0.05,0.0,0.4396834024012874,0.0,343,1,0
14,0.293,0.091,0.0,0.4908837787566325,0.0,343,1,0
14,0.293,0.131,0.0,0.5149818779554882,0.0,343,1,0
14,0.293,0.172,0.0,0.5510848676448992,0.0,343,1,0
14,0.293,0.212,0.0,0.6086606670618493,0.0,343,1,0
14,0.293,0.252,0.0,0.5691663478040991,0.0,343,1,0
14,0.293,0.293,0.0,0.6049496615571693,0.0,343,1,0
14,0.293,0.333,0.0,0.5984955904640326,0.0,343,1,0
14,0.293,0.374,0.0,0.5803779618707684,0.0,343,1,0
14,0.293,0.414,0.0,0.6082568124638514,0.0,343,1,0
14,0.293,0.454,0.0,0.6418699984078386,0.0,343,1,0
14,0.293,0.495,0.0,0.575283324128007,0.0,343,1,0
14,0.293,0.535,0.0,0.5952164859783752,0.0,343,1,0
14,0.293,0.576,0.0,0.6092489173923876,0.0,343,1,0
14,0.293,0.616,0.0,0.6099287419425381,0.0,343,1,0
14,0.293,0.656,0.0,0.6084154114459036,0.0,343,1,0
14,0.293,0.697,0.0,0.5992129221479241,0.0,343,1,0
14,0.293,0.737,0.0,0.600180099640383,0.0,343,1,0
14,0.293,0.778,0.0,0.6024249843771182,0.0,343,1,0
14,0.333,0.01,0.0,0.4027643584092192,0.0,343,1,0
14,0.333,0.05,0.0,0.4732667816124238,0.0,343,1,0
14,0.333,0.091,0.0,0.5036322693553156,0.0,343,1,0
14,0.333,0.131,0.0,0.5706770873714402,0.0,343,1,0
14,0.333,0.172,0.0,0.5850905336310469,0.0,343,1,0
14,0.333,0.212,0.0,0.6050773008086903,0.0,343,1,0
14,0.333,0.252,0.0,0.6059273387125057,0.0,343,1,0
14,0.333,0.293,0.0,0.627318000542156,0.0,343,1,0
14,0.333,0.333,0.0,0.5944632373461354,0.0,343,1,0
14,0.333,0.374,0.0,0.6070373077701308,0.0,343,1,0
14,0.333,0.414,0.0,0.6182255479082039,0.0,343,1,0
14,0.333,0.454,0.0,0.5978766860164724,0.0,343,1,0
14,0.333,0.495,0.0,0.5873048631588189,0.0,343,1,0
14,0.333,0.535,0.0,0.5958688884281305,0.0,343,1,0
14,0.333,0.576,0.0,0.5963716909319094,0.0,343,1,0
14,0.333,0.616,0.0,0.6128095518109021,0.0,343,1,0
14,0.333,0.656,0.0,0.5872654486008064,0.0,343,1,0
14,0.333,0.697,0.0,0.6003501827295958,0.0,343,1,0
14,0.333,0.737,0.0,0.6167943941102484,0.0,343,1,0
14,0.333,0.778,0.0,0.5834828374283615,0.0,343,1,0
14,0.374,0.01,0.0,0.4154231392565206,0.0,343,1,0
14,0.374,0.05,0.0,0.4246872043987009,0.0,343,1,0
14,0.374,0.091,0.0,0.5656521341344067,0.0,343,1,0
14,0.374,0.131,0.0,0.5852527214051196,0.0,343,1,0
14,0.374,0.172,0.0,0.6299606163997372,0.0,343,1,0
14,0.374,0.212,0.0,0.6399078123876888,0.0,343,1,0
14,0.374,0.252,0.0,0.5835799664598972,0.0,343,1,0
14,0.374,0.293,0.0,0.6050867717248767,0.0,343,1,0
14,0.374,0.333,0.0,0.6083380700460312,0.0,343,1,0
14,0.374,0.374,0.0,0.6071821162888007,0.0,343,1,0
14,0.374,0.414,0.0,0.6087685337442427,0.0,343,1,0
14,0.374,0.454,0.0,0.6158214311731566,0.0,343,1,0
14,0.374,0.495,0.0,0.5909093081254707,0.0,343,1,0
14,0.374,0.535,0.0,0.607871035632471,0.0,343,1,0
14,0.374,0.576,0.0,0.5743319657319815,0.0,343,1,0
14,0.374,0.616,0.0,0.6082987999932941,0.0,343,1,0
14,0.374,0.656,0.0,0.6013928028429356,0.0,343,1,0
14,0.374,0.697,0.0,0.6391501016526122,0.0,343,1,0
14,0.374,0.737,0.0,0.5789702449678353,0.0,343,1,0
14,0.374,0.778,0.0,0.5898665728474959,0.0,343,1,0
14,0.414,0.01,0.0,0.4010183957341074,0.0,343,1,0
14,0.414,0.05,0.0,0.506255500635669,0.0,343,1,0
14,0.414,0.091,0.0,0.5691331038128614,0.0,343,1,0
14,0.414,0.131,0.0,0.5830581291847964,0.0,343,1,0
14,0.414,0.172,0.0,0.615057204866601,0.0,343,1,0
14,0.414,0.212,0.0,0.5772696765901245,0.0,343,1,0
14,0.414,0.252,0.0,0.6027718098568052,0.0,343,1,0
14,0.414,0.293,0.0,0.5996786943862311,0.0,343,1,0
14,0.414,0.333,0.0,0.6161938198415396,0.0,343,1,0
14,0.414,0.374,0.0,0.6219547829471616,0.0,343,1,0
14,0.414,0.414,0.0,0.6169682841825638,0.0,343,1,0
14,0.414,0.454,0.0,0.5798970731251992,0.0,343,1,0
14,0.414,0.495,0.0,0.6212149091211362,0.0,343,1,0
14,0.414,0.535,0.0,0.5893701784867752,0.0,343,1,0
14,0.414,0.576,0.0,0.6047467695474884,0.0,343,1,0
14,0.414,0.616,0.0,0.6141881728034165,0.0,343,1,0
14,0.414,0.656,0.0,0.5818078212463555,0.0,343,1,0
14,0.414,0.697,0.0,0.6093756317625725,0.0,343,1,0
14,0.414,0.737,0.0,0.5773380013166823,0.0,343,1,0
14,0.414,0.778,0.0,0.574566519399574,0.0,343,1,0
14,0.454,0.01,0.0,0.3932512640548965,0.0,343,1,0
14,0.454,0.05,0.0,0.5214488753595747,0.0,343,1,0
14,0.454,0.091,0.0,0.546523843323648,0.0,343,1,0
14,0.454,0.131,0.0,0.5889113657627941,0.0,343,1,0
14,0.454,0.172,0.0,0.6015607856878763,0.0,343,1,0
14,0.454,0.212,0.0,0.5926900130195417,0.0,343,1,0
14,0.454,0.252,0.0,0.580200137680636,0.0,343,1,0
14,0.454,0.293,0.0,0.6155847906444083,0.0,343,1,0
14,0.454,0.333,0.0,0.6236552362706744,0.0,343,1,0
14,0.454,0.374,0.0,0.5778411628145065,0.0,343,1,0
14,0.454,0.414,0.0,0.6326006682112606,0.0,343,1,0
14,0.454,0.454,0.0,0.6197280965202311,0.0,343,1,0
14,0.454,0.495,0.0,0.5832274055040463,0.0,343,1,0
14,0.454,0.535,0.0,0.6033763374272789,0.0,343,1,0
14,0.454,0.576,0.0,0.592650168649455,0.0,343,1,0
14,0.454,0.616,0.0,0.6216700573998225,0.0,343,1,0
14,0.454,0.656,0.0,0.6038837603001646,0.0,343,1,0
14,0.454,0.697,0.0,0.587129073277058,0.0,343,1,0
14,0.454,0.737,0.0,0.599661967614189,0.0,343,1,0
14,0.454,0.778,0.0,0.6277367970887351,0.0,343,1,0
14,0.495,0.01,0.0,0.4296312991391802,0.0,343,1,0
14,0.495,0.05,0.0,0.5587025310437452,0.0,343,1,0
14,0.495,0.091,0.0,0.6137729147106389,0.0,343,1,0
14,0.495,0.131,0.0,0.6019528373373177,0.0,343,1,0
14,0.495,0.172,0.0,0.6200134151631819,0.0,343,1,0
14,0.495,0.212,0.0,0.5972375835463253,0.0,343,1,0
14,0.495,0.252,0.0,0.5783159785887102,0.0,343,1,0
14,0.495,0.293,0.0,0.5751461093334823,0.0,343,1,0
14,0.495,0.333,0.0,0.5812112794716441,0.0,343,1,0
14,0.495,0.374,0.0,0.5833319654629328,0.0,343,1,0
14,0.495,0.414,0.0,0.5922883672572867,0.0,343,1,0
14,0.495,0.454,0.0,0.5768788609376665,0.0,343,1,0
14,0.495,0.495,0.0,0.5959509381926017,0.0,343,1,0
14,0.495,0.535,0.0,0.6001006426558473,0.0,343,1,0
14,0.495,0.576,0.0,0.5836306802663753,0.0,343,1,0
14,0.495,0.616,0.0,0.6103039577351553,0.0,343,1,0
14,0.495,0.656,0.0,0.6133640799249048,0.0,343,1,0
14,0.495,0.697,0.0,0.6141448618178161,0.0,343,1,0
14,0.495,0.737,0.0,0.5925693006165563,0.0,343,1,0
14,0.495,0.778,0.0,0.5956678055924479,0.0,343,1,0
14,0.535,0.01,0.0,0.3837260235160336,0.0,343,1,0
14,0.535,0.05,0.0,0.5285570266598041,0.0,343,1,0
14,0.535,0.091,0.0,0.6076189158006251,0.0,343,1,0
14,0.535,0.131,0.0,0.611046247900618,0.0,343,1,0
14,0.535,0.172,0.0,0.6013811053065812,0.0,343,1,0
14,0.535,0.212,0.0,0.5833728045236174,0.0,343,1,0
14,0.535,0.252,0.0,0.5865478300200121,0.0,343,1,0
14,0.535,0.293,0.0,0.6064611608837419,0.0,343,1,0
14,0.535,0.333,0.0,0.5588630597684449,0.0,343,1,0
14,0.535,0.374,0.0,0.5836324516286086,0.0,343,1,0
14,0.535,0.414,0.0,0.6190554079337438,0.0,343,1,0
14,0.535,0.454,0.0,0.6125839695472252,0.0,343,1,0
14,0.535,0.495,0.0,0.6032146359122128,0.0,343,1,0
14,0.535,0.535,0.0,0.5905030098739047,0.0,343,1,0
14,0.535,0.576,0.0,0.5942917935498594,0.0,343,1,0
14,0.535,0.616,0.0,0.5822153068479562,0.0,343,1,0
14,0.535,0.656,0.0,0.5935405785371095,0.0,343,1,0
14,0.535,0.697,0.0,0.6313529938909674,0.0,343,1,0
14,0.535,0.737,0.0,0.6026557049802693,0.0,343,1,0
14,0.535,0.778,0.0,0.5702873904534254,0.0,343,1,0
14,0.576,0.01,0.0,0.4051022599511435,0.0,343,1,0
14,0.576,0.05,0.0,0.4995848748550424,0.0,343,1,0
14,0.576,0.091,0.0,0.601016376269067,0.0,343,1,0
14,0.576,0.131,0.0,0.6107475290459201,0.0,343,1,0
14,0.576,0.172,0.0,0.6013298632228942,0.0,343,1,0
14,0.576,0.212,0.0,0.5971800932172678,0.0,343,1,0
14,0.576,0.252,0.0,0.5857572189061565,0.0,343,1,0
14,0.576,0.293,0.0,0.5800969514161617,0.0,343,1,0
14,0.576,0.333,0.0,0.5936762195052612,0.0,343,1,0
14,0.576,0.374,0.0,0.6048690703023869,0.0,343,1,0
14,0.576,0.414,0.0,0.567356589800068,0.0,343,1,0
14,0.576,0.454,0.0,0.6027076053028728,0.0,343,1,0
14,0.576,0.495,0.0,0.6088400354509362,0.0,343,1,0
14,0.576,0.535,0.0,0.6011731183494337,0.0,343,1,0
14,0.576,0.576,0.0,0.6084756578777546,0.0,343,1,0
14,0.576,0.616,0.0,0.6039267772909098,0.0,343,1,0
14,0.576,0.656,0.0,0.6075253144265729,0.0,343,1,0
14,0.576,0.697,0.0,0.5904135402421377,0.0,343,1,0
14,0.576,0.737,0.0,0.6135430307935392,0.0,343,1,0
14,0.576,0.778,0.0,0.6160183221808943,0.0,343,1,0
14,0.616,0.01,0.0,0.3778563326809723,0.0,343,1,0
14,0.616,0.05,0.0,0.5003762265923347,0.0,343,1,0
14,0.616,0.091,0.0,0.5833222626671288,0.0,343,1,0
14,0.616,0.131,0.0,0.6151515877604322,0.0,343,1,0
14,0.616,0.172,0.0,0.5951604813689613,0.0,343,1,0
14,0.616,0.212,0.0,0.590774052999528,0.0,343,1,0
14,0.616,0.252,0.0,0.5932442390033215,0.0,343,1,0
14,0.616,0.293,0.0,0.6061628698958503,0.0,343,1,0
14,0.616,0.333,0.0,0.5950194703481979,0.0,343,1,0
14,0.616,0.374,0.0,0.5725115589103761,0.0,343,1,0
14,0.616,0.414,0.0,0.5876803258776849,0.0,343,1,0
14,0.616,0.454,0.0,0.621234884266315,0.0,343,1,0
14,0.616,0.495,0.0,0.620243324994255,0.0,343,1,0
14,0.616,0.535,0.0,0.6037889824257476,0.0,343,1,0
14,0.616,0.576,0.0,0.6165730222598493,0.0,343,1,0
14,0.616,0.616,0.0,0.6002941744586466,0.0,343,1,0
14,0.616,0.656,0.0,0.6085402132934076,0.0,343,1,0
14,0.616,0.697,0.0,0.6022296379570192,0.0,343,1,0
14,0.616,0.737,0.0,0.600476089210799,0.0,343,1,0
14,0.616,0.778,0.0,0.5905152745444787,0.0,343,1,0
14,0.656,0.01,0.0,0.4075154088436798,0.0,343,1,0
14,0.656,0.05,0.0,0.496456794854884,0.0,343,1,0
14,0.656,0.091,0.0,0.5270422554900454,0.0,343,1,0
14,0.656,0.131,0.0,0.6260396089641653,0.0,343,1,0
14,0.656,0.172,0.0,0.5856779523913183,0.0,343,1,0
14,0.656,0.212,0.0,0.5652511625613373,0.0,343,1,0
14,0.656,0.252,0.0,0.591505695473298,0.0,343,1,0
14,0.656,0.293,0.0,0.5676772353017839,0.0,343,1,0
14,0.656,0.333,0.0,0.6162873556626174,0.0,343,1,0
14,0.656,0.374,0.0,0.5962285273914333,0.0,343,1,0
14,0.656,0.414,0.0,0.593726326230276,0.0,343,1,0
14,0.656,0.454,0.0,0.5841788237530451,0.0,343,1,0
14,0.656,0.495,0.0,0.601130614610091,0.0,343,1,0
14,0.656,0.535,0.0,0.6033176255091873,0.0,343,1,0
14,0.656,0.576,0.0,0.6013833908833975,0.0,343,1,0
14,0.656,0.616,0.0,0.5983682828819481,0.0,343,1,0
14,0.656,0.656,0.0,0.6243551186130121,0.0,343,1,0
14,0.656,0.697,0.0,0.5910867858622049,0.0,343,1,0
14,0.656,0.737,0.0,0.5890617848700653,0.0,343,1,0
14,0.656,0.778,0.0,0.5951571566188398,0.0,343,1,0
14,0.697,0.01,0.0,0.3975787168054413,0.0,343,1,0
14,0.697,0.05,0.0,0.4972399686281015,0.0,343,1,0
14,0.697,0.091,0.0,0.5133451814368775,0.0,343,1,0
14,0.697,0.131,0.0,0.5691736991750123,0.0,343,1,0
14,0.697,0.172,0.0,0.5813739256109631,0.0,343,1,0
14,0.697,0.212,0.0,0.5930583381222536,0.0,343,1,0
14,0.697,0.252,0.0,0.6197323939866306,0.0,343,1,0
14,0.697,0.293,0.0,0.6380425378265114,0.0,343,1,0
14,0.697,0.333,0.0,0.5971169054876282,0.0,343,1,0
14,0.697,0.374,0.0,0.5902622249147362,0.0,343,1,0
14,0.697,0.414,0.0,0.5793689006640608,0.0,343,1,0
14,0.697,0.454,0.0,0.5927427512067104,0.0,343,1,0
14,0.697,0.495,0.0,0.5949002065940356,0.0,343,1,0
14,0.697,0.535,0.0,0.5709113907846844,0.0,343,1,0
14,0.697,0.576,0.0,0.5925885061978693,0.0,343,1,0
14,0.697,0.616,0.0,0.5940973210183829,0.0,343,1,0
14,0.697,0.656,0.0,0.6167624346544566,0.0,343,1,0
14,0.697,0.697,0.0,0.6073127264216522,0.0,343,1,0
14,0.697,0.737,0.0,0.5908981526129355,0.0,343,1,0
14,0.697,0.778,0.0,0.614260234307151,0.0,343,1,0
14,0.737,0.01,0.0,,,343,0,2
14,0.737,0.05,0.0,,,343,0,2
14,0.737,0.091,0.0,,,343,0,2
14,0.737,0.131,0.0,,,343,0,2
14,0.737,0.172,0.0,,,343,0,2
14,0.737,0.212,0.0,,,343,0,2
14,0.737,0.252,0.0,,,343,0,2
14,0.737,0.293,0.0,,,343,0,2
14,0.737,0.333,0.0,,,343,0,2
14,0.737,0.374,0.0,,,343,0,2
14,0.737,0.414,0.0,,,343,0,2
14,0.737,0.454,0.0,,,343,0,2
14,0.737,0.495,0.0,,,343,0,2
14,0.737,0.535,0.0,,,343,0,2
14,0.737,0.576,0.0,,,343,0,2
14,0.737,0.616,0.0,,,343,0,2
14,0.737,0.656,0.0,,,343,0,2
14,0.737,0.697,0.0,,,343,0,2
14,0.737,0.737,0.0,,,343,0,2
14,0.737,0.778,0.0,,,343,0,2
14,0.778,0.01,0.0,,,343,0,2
14,0.778,0.05,0.0,,,343,0,2
14,0.778,0.091,0.0,,,343,0,2
14,0.778,0.131,0.0,,,343,0,2
14,0.778,0.172,0.0,,,343,0,2
14,0.778,0.212,0.0,,,343,0,2
14,0.778,0.252,0.0,,,343,0,2
14,0.778,0.293,0.0,,,343,0,2
14,0.778,0.333,0.0,,,343,0,2
14,0.778,0.374,0.0,,,343,0,2
14,0.778,0.414,0.0,,,343,0,2
14,0.778,0.454,0.0,,,343,0,2
14,0.778,0.495,0.0,,,343,0,2
14,0.778,0.535,0.0,,,343,0,2
14,0.778,0.576,0.0,,,343,0,2
14,0.778,0.616,0.0,,,343,0,2
14,0.778,0.656,0.0,,,343,0,2
14,0.778,0.697,0.0,,,343,0,2
14,0.778,0.737,0.0,,,343,0,2
14,0.778,0.778,0.0,,,343,0,2
13,0.01,0.01,0.5,,,171,0,2
13,0.01,0.05,0.5,0.4115689233596242,0.0,171,1,0
13,0.01,0.091,0.5,0.3706085977834667,0.0,171,1,0
13,0.01,0.131,0.5,0.3903382152360779,0.0,171,1,0
13,0.01,0.172,0.5,0.407288771094811,0.0,171,1,0
13,0.01,0.212,0.5,0.3760398965311931,0.0,171,1,0
13,0.01,0.252,0.5,0.3965767779046393,0.0,171,1,0
13,0.01,0.293,0.5,0.3713091487776371,0.0,171,1,0
13,0.01,0.333,0.5,0.3959065206505313,0.0,171,1,0
13,0.01,0.374,0.5,0.4319707373750535,0.0,171,1,0
13,0.01,0.414,0.5,0.3871790849033102,0.0,171,1,0
13,0.01,0.454,0.5,0.3750645901233985,0.0,171,1,0
13,0.01,0.495,0.5,0.4147155310792748,0.0,171,1,0
13,0.01,0.535,0.5,0.3811273437993342,0.0,171,1,0
13,0.01,0.576,0.5,0.3849016167114167,0.0,171,1,0
13,0.01,0.616,0.5,0.3996247698905272,0.0,171,1,0
13,0.01,0.656,0.5,0.3693610485481708,0.0,171,1,0
13,0.01,0.697,0.5,0.3772336625651459,0.0,171,1,0
13,0.01,0.737,0.5,0.3699325613949345,0.0,171,1,0
13,0.01,0.778,0.5,0.366447908940427,0.0,171,1,0
13,0.05,0.01,0.5,0.3558640782427011,0.0,171,1,0
13,0.05,0.05,0.5,0.3869030576894646,0.0,171,1,0
13,0.05,0.091,0.5,0.3312891121185567,0.0,171,1,0
13,0.05,0.131,0.5,0.371082184280906,0.0,171,1,0
13,0.05,0.172,0.5,0.4324482417281616,0.0,171,1,0
13,0.05,0.212,0.5,0.3845417234025212,0.0,171,1,0
13,0.05,0.252,0.5,0.4263376550066716,0.0,171,1,0
13,0.05,0.293,0.5,0.3928440584330045,0.0,171,1,0
13,0.05,0.333,0.5,0.3628665091012804,0.0,171,1,0
13,0.05,0.374,0.5,0.4192187722834604,0.0,171,1,0
13,0.05,0.414,0.5,0.4272517912314704,0.0,171,1,0
13,0.05,0.454,0.5,0.3667846827783289,0.0,171,1,0
13,0.05,0.495,0.5,0.3864211381401843,0.0,171,1,0
13,0.05,0.535,0.5,0.3769087091677037,0.0,171,1,0
13,0.05,0.576,0.5,0.4126019780826137,0.0,171,1,0
13,0.05,0.616,0.5,0.4072841027730837,0.0,171,1,0
13,0.05,0.656,0.5,0.3601519689673139,0.0,171,1,0
13,0.05,0.697,0.5,0.3970728011778519,0.0,171,1,0
13,0.05,0.737,0.5,0.3722350110149789,0.0,171,1,0
13,0.05,0.778,0.5,0.3762260131300493,0.0,171,1,0
13,0.091,0.01,0.5,0.4023867145532219,0.0,171,1,0
13,0.091,0.05,0.5,0.3563495272504585,0.0,171,1,0
13,0.091,0.091,0.5,0.4116587146414765,0.0,171,1,0
13,0.091,0.131,0.5,0.3854904173286042,0.0,171,1,0
13,0.091,0.172,0.5,0.3598821934708965,0.0,171,1,0
13,0.091,0.212,0.5,0.379162124169819,0.0,171,1,0
13,0.091,0.252,0.5,0.3762864543196262,0.0,171,1,0
13,0.091,0.293,0.5,0.3860050959869114,0.0,171,1,0
13,0.091,0.333,0.5,0.4007134796110186,0.0,171,1,0
13,0.091,0.374,0.5,0.3827132298436713,0.0,171,1,0
13,0.091,0.414,0.5,0.3829906583762212,0.0,171,1,0
13,0.091,0.454,0.5,0.3994900372281659,0.0,171,1,0
13,0.091,0.495,0.5,0.4266609882654099,0.0,171,1,0
13,0.091,0.535,0.5,0.4044884152954035,0.0,171,1,0
13,0.091,0.576,0.5,0.3625541047507336,0.0,171,1,0
13,0.091,0.616,0.5,0.3662793037883162,0.0,171,1,0
13,0.091,0.656,0.5,0.4075868239397323,0.0,171,1,0
13,0.091,0.697,0.5,0.3867935925412178,0.0,171,1,0
13,0.091,0.737,0.5,0.3689851184786711,0.0,171,1,0
13,0.091,0.778,0.5,0.4145247855754735,0.0,171,1,0
13,0.131,0.01,0.5,0.3932987108513754,0.0,171,1,0
13,0.131,0.05,0.5,0.4250499442111239,0.0,171,1,0
13,0.131,0.091,0.5,0.3720815084135553,0.0,171,1,0
13,0.131,0.131,0.5,0.3796112298173491,0.0,171,1,0
13,0.131,0.172,0.5,0.452364934564317,0.0,171,1,0
13,0.131,0.212,0.5,0.4124749561884676,0.0,171,1,0
13,0.131,0.252,0.5,0.3506471514711198,0.0,171,1,0
13,0.131,0.293,0.5,0.3975081580464897,0.0,171,1,0
13,0.131,0.333,0.5,0.4391504448864203,0.0,171,1,0
13,0.131,0.374,0.5,0.4149406538576403,0.0,171,1,0
13,0.131,0.414,0.5,0.4265340459490094,0.0,171,1,0
13,0.131,0.454,0.5,0.3969349701983497,0.0,171,1,0
13,0.131,0.495,0.5,0.3761243452860114,0.0,171,1,0
13,0.131,0.535,0.5,0.4359177570125195,0.0,171,1,0
13,0.131,0.576,0.5,0.4143565216058383,0.0,171,1,0
13,0.131,0.616,0.5,0.4238315140863096,0.0,171,1,0
13,0.131,0.656,0.5,0.4520916695870307,0.0,171,1,0
13,0.131,0.697,0.5,0.4240854726865851,0.0,171,1,0
13,0.131,0.737,0.5,0.4452655322410487,0.0,171,1,0
13,0.131,0.778,0.5,0.4505580400245937,0.0,171,1,0
13,0.172,0.01,0.5,0.3302048570151557,0.0,171,1,0
13,0.172,0.05,0.5,0.3731879555983491,0.0,171,1,0
13,0.172,0.091,0.5,0.414553953732851,0.0,171,1,0
13,0.172,0.131,0.5,0.3981292778053956,0.0,171,1,0
13,0.172,0.172,0.5,0.4630759740403461,0.0,171,1,0
13,0.172,0.212,0.5,0.4100330869030328,0.0,171,1,0
13,0.172,0.252,0.5,0.3933340624299143,0.0,171,1,0
13,0.172,0.293,0.5,0.4452699274379633,0.0,171,1,0
13,0.172,0.333,0.5,0.4629355306071625,0.0,171,1,0
13,0.172,0.374,0.5,0.4065891465135346,0.0,171,1,0
13,0.172,0.414,0.5,0.4357948796475751,0.0,171,1,0
13,0.172,0.454,0.5,0.5191312337567191,0.0,171,1,0
13,0.172,0.495,0.5,0.4784752326524645,0.0,171,1,0
13,0.172,0.535,0.5,0.4971870288357756,0.0,171,1,0
13,0.172,0.576,0.5,0.4879555980257699,0.0,171,1,0
13,0.172,0.616,0.5,0.4847565401031421,0.0,171,1,0
13,0.172,0.656,0.5,0.5237621372619178,0.0,171,1,0
13,0.172,0.697,0.5,0.4801900766112678,0.0,171,1,0
13,0.172,0.737,0.5,0.5529463720124953,0.0,171,1,0
13,0.172,0.778,0.5,0.5269058143559937,0.0,171,1,0
13,0.212,0.01,0.5,0.3821037545677057,0.0,171,1,0
13,0.212,0.05,0.5,0.4557744992912295,0.0,171,1,0
13,0.212,0.091,0.5,0.4117380916200449,0.0,171,1,0
13,0.212,0.131,0.5,0.4255707192066849,0.0,171,1,0
13,0.212,0.172,0.5,0.4219328506382136,0.0,171,1,0
13,0.212,0.212,0.5,0.4850524888075838,0.0,171,1,0
13,0.212,0.252,0.5,0.4610306395647173,0.0,171,1,0
13,0.212,0.293,0.5,0.5034166084356635,0.0,171,1,0
13,0.212,0.333,0.5,0.5620493739688186,0.0,171,1,0
13,0.212,0.374,0.5,0.5340687524817114,0.0,171,1,0
13,0.212,0.414,0.5,0.5176676813113262,0.0,171,1,0
13,0.212,0.454,0.5,0.5848267817517094,0.0,171,1,0
13,0.212,0.495,0.5,0.5631727731976274,0.0,171,1,0
13,0.212,0.535,0.5,0.5954279025551222,0.0,171,1,0
13,0.212,0.576,0.5,0.5749778550367843,0.0,171,1,0
13,0.212,0.616,0.5,0.6015975444100237,0.0,171,1,0
13,0.212,0.656,0.5,0.618156061527391,0.0,171,1,0
13,0.212,0.697,0.5,0.613392064369254,0.0,171,1,0
13,0.212,0.737,0.5,0.5859525340244569,0.0,171,1,0
13,0.212,0.778,0.5,0.6024899350765792,0.0,171,1,0
13,0.252,0.01,0.5,0.374172982966875,0.0,171,1,0
13,0.252,0.05,0.5,0.4154824207282472,0.0,171,1,0
13,0.252,0.091,0.5,0.3997454534237422,0.0,171,1,0
13,0.252,0.131,0.5,0.4629120679060308,0.0,171,1,0
13,0.252,0.172,0.5,0.4872390505961941,0.0,171,1,0
13,0.252,0.212,0.5,0.4616414206465419,0.0,171,1,0
13,0.252,0.252,0.5,0.5174939943818292,0.0,171,1,0
13,0.252,0.293,0.5,0.5547677865291314,0.0,171,1,0
13,0.252,0.333,0.5,0.5200035633722091,0.0,171,1,0
13,0.252,0.374,0.5,0.5729479508709681,0.0,171,1,0
13,0.252,0.414,0.5,0.5766229818231383,0.0,171,1,0
13,0.252,0.454,0.5,0.6038024977991849,0.0,171,1,0
13,0.252,0.495,0.5,0.6357389084280435,0.0,171,1,0
13,0.252,0.535,0.5,0.6087445898450985,0.0,171,1,0
13,0.252,0.576,0.5,0.6128849961429335,0.0,171,1,0
13,0.252,0.616,0.5,0.5836229193957231,0.0,171,1,0
13,0.252,0.656,0.5,0.5876544895355493,0.0,171,1,0
13,0.252,0.697,0.5,0.5750242912664664,0.0,171,1,0
13,0.252,0.737,0.5,0.6254592508027981,0.0,171,1,0
13,0.252,0.778,0.5,0.6096565979799088,0.0,171,1,0
13,0.293,0.01,0.5,0.3924385159128868,0.0,171,1,0
13,0.293,0.05,0.5,0.4350327358849565,0.0,171,1,0
13,0.293,0.091,0.5,0.4525366143095834,0.0,171,1,0
13,0.293,0.131,0.5,0.5291564799927674,0.0,171,1,0
13,0.293,0.172,0.5,0.5113777889845572,0.0,171,1,0
13,0.293,0.212,0.5,0.5389257589033131,0.0,171,1,0
13,0.293,0.252,0.5,0.6167864870680125,0.0,171,1,0
13,0.293,0.293,0.5,0.5731051390016313,0.0,171,1,0
13,0.293,0.333,0.5,0.6024178681845545,0.0,171,1,0
13,0.293,0.374,0.5,0.6321196494523242,0.0,171,1,0
13,0.293,0.414,0.5,0.6314451913754228,0.0,171,1,0
13,0.293,0.454,0.5,0.5789807506664314,0.0,171,1,0
13,0.293,0.495,0.5,0.6414997182486858,0.0,171,1,0
13,0.293,0.535,0.5,0.5793299336145892,0.0,171,1,0
13,0.293,0.576,0.5,0.5997668782832617,0.0,171,1,0
13,0.293,0.616,0.5,0.5898732458696465,0.0,171,1,0
13,0.293,0.656,0.5,0.610357023417508,0.0,171,1,0
13,0.293,0.697,0.5,0.6231962282979807,0.0,171,1,0
13,0.293,0.737,0.5,0.6226798255788022,0.0,171,1,0
13,0.293,0.778,0.5,0.5920707660262096,0.0,171,1,0
13,0.333,0.01,0.5,0.3548892247537483,0.0,171,1,0
13,0.333,0.05,0.5,0.4429030201963114,0.0,171,1,0
13,0.333,0.091,0.5,0.4994081288085235,0.0,171,1,0
13,0.333,0.131,0.5,0.5662479813283162,0.0,171,1,0
13,0.333,0.172,0.5,0.5656533243174638,0.0,171,1,0
13,0.333,0.212,0.5,0.6041661458733668,0.0,171,1,0
13,0.333,0.252,0.5,0.6291154355898612,0.0,171,1,0
13,0.333,0.293,0.5,0.628028735771707,0.0,171,1,0
13,0.333,0.333,0.5,0.650735679061204,0.0,171,1,0
13,0.333,0.374,0.5,0.6230878258900489,0.0,171,1,0
13,0.333,0.414,0.5,0.6130465845577453,0.0,171,1,0
13,0.333,0.454,0.5,0.5762599937340684,0.0,171,1,0
13,0.333,0.495,0.5,0.622988134704366,0.0,171,1,0
13,0.333,0.535,0.5,0.6324128991858032,0.0,171,1,0
13,0.333,0.576,0.5,0.6015221481807601,0.0,171,1,0
13,0.333,0.616,0.5,0.6126589982453208,0.0,171,1,0
13,0.333,0.656,0.5,0.5762366151138284,0.0,171,1,0
13,0.333,0.697,0.5,0.6126429214637844,0.0,171,1,0
13,0.333,0.737,0.5,0.5593577491880564,0.0,171,1,0
13,0.333,0.778,0.5,0.5808644225366977,0.0,171,1,0
13,0.374,0.01,0.5,0.3950830382100787,0.0,171,1,0
13,0.374,0.05,0.5,0.4593483294976694,0.0,171,1,0
13,0.374,0.091,0.5,0.4964433005978199,0.0,171,1,0
13,0.374,0.131,0.5,0.6051239564678444,0.0,171,1,0
13,0.374,0.172,0.5,0.6128613612197921,0.0,171,1,0
13,0.374,0.212,0.5,0.5777656184198281,0.0,171,1,0
13,0.374,0.252,0.5,0.6087426593260277,0.0,171,1,0
13,0.374,0.293,0.5,0.619621519540434,0.0,171,1,0
13,0.374,0.333,0.5,0.5806879076003795,0.0,171,1,0
13,0.374,0.374,0.5,0.5527193577660166,0.0,171,1,0
13,0.374,0.414,0.5,0.6255482228357456,0.0,171,1,0
13,0.374,0.454,0.5,0.5858431969511536,0.0,171,1,0
13,0.374,0.495,0.5,0.6061783821486901,0.0,171,1,0
13,0.374,0.535,0.5,0.633680234751926,0.0,171,1,0
13,0.374,0.576,0.5,0.6036500221581655,0.0,171,1,0
13,0.374,0.616,0.5,0.5976621017067657,0.0,171,1,0
13,0.374,0.656,0.5,0.588631984794375,0.0,171,1,0
13,0.374,0.697,0.5,0.6006955583220965,0.0,171,1,0
13,0.374,0.737,0.5,0.5973268686811342,0.0,171,1,0
13,0.374,0.778,0.5,0.6282427504400979,0.0,171,1,0
13,0.414,0.01,0.5,0.3995434941587306,0.0,171,1,0
13,0.414,0.05,0.5,0.5421255724600746,0.0,171,1,0
13,0.414,0.091,0.5,0.5566178857798556,0.0,171,1,0
13,0.414,0.131,0.5,0.5658825639244962,0.0,171,1,0
13,0.414,0.172,0.5,0.5931125927311981,0.0,171,1,0
13,0.414,0.212,0.5,0.6001344625759447,0.0,171,1,0
13,0.414,0.252,0.5,0.6340548876340071,0.0,171,1,0
13,0.414,0.293,0.5,0.6089454703387072,0.0,171,1,0
13,0.414,0.333,0.5,0.6247040508618426,0.0,171,1,0
13,0.414,0.374,0.5,0.5855077243900377,0.0,171,1,0
13,0.414,0.414,0.5,0.6020230304155626,0.0,171,1,0
13,0.414,0.454,0.5,0.5656915308529976,0.0,171,1,0
13,0.414,0.495,0.5,0.5966485989344924,0.0,171,1,0
13,0.414,0.535,0.5,0.5440527170173121,0.0,171,1,0
13,0.414,0.576,0.5,0.6197360192387081,0.0,171,1,0
13,0.414,0.616,0.5,0.589428892889866,0.0,171,1,0
13,0.414,0.656,0.5,0.6136125331905041,0.0,171,1,0
13,0.414,0.697,0.5,0.5842195255019048,0.0,171,1,0
13,0.414,0.737,0.5,0.58178142150223,0.0,171,1,0
13,0.414,0.778,0.5,0.6108916060671865,0.0,171,1,0
13,0.454,0.01,0.5,0.4318753530303187,0.0,171,1,0
13,0.454,0.05,0.5,0.5097075152618888,0.0,171,1,0
13,0.454,0.091,0.5,0.6023028309852505,0.0,171,1,0
13,0.454,0.131,0.5,0.5833091298656957,0.0,171,1,0
13,0.454,0.172,0.5,0.6040967035798692,0.0,171,1,0
13,0.454,0.212,0.5,0.551369054115377,0.0,171,1,0
13,0.454,0.252,0.5,0.578934839713395,0.0,171,1,0
13,0.454,0.293,0.5,0.6275948878771587,0.0,171,1,0
13,0.454,0.333,0.5,0.6063533947310377,0.0,171,1,0
13,0.454,0.374,0.5,0.5940398350245567,0.0,171,1,0
13,0.454,0.414,0.5,0.5815981166530138,0.0,171,1,0
13,0.454,0.454,0.5,0.5904758231609654,0.0,171,1,0
13,0.454,0.495,0.5,0.6077351685364561,0.0,171,1,0
13,0.454,0.535,0.5,0.6577170760011135,0.0,171,1,0
13,0.454,0.576,0.5,0.592509746890013,0.0,171,1,0
13,0.454,0.616,0.5,0.5808013134492946,0.0,171,1,0
13,0.454,0.656,0.5,0.5783074296254562,0.0,171,1,0
13,0.454,0.697,0.5,0.6025660907860023,0.0,171,1,0
13,0.454,0.737,0.5,0.6210124235144846,0.0,171,1,0
13,0.454,0.778,0.5,0.5841421045927003,0.0,171,1,0
13,0.495,0.01,0.5,0.4003586995554148,0.0,171,1,0
13,0.495,0.05,0.5,0.5058447888052902,0.0,171,1,0
13,0.495,0.091,0.5,0.5583651825108115,0.0,171,1,0
13,0.495,0.131,0.5,0.5848293598597697,0.0,171,1,0
13,0.495,0.172,0.5,0.5657483334940518,0.0,171,1,0
13,0.495,0.212,0.5,0.5783828494245344,0.0,171,1,0
13,0.495,0.252,0.5,0.5839640198743105,0.0,171,1,0
13,0.495,0.293,0.5,0.5926666340370257,0.0,171,1,0
13,0.495,0.333,0.5,0.5911511143161763,0.0,171,1,0
13,0.495,0.374,0.5,0.5826382581467817,0.0,171,1,0
13,0.495,0.414,0.5,0.621325217094401,0.0,171,1,0
13,0.495,0.454,0.5,0.5881935030481609,0.0,171,1,0
13,0.495,0.495,0.5,0.634083958900813,0.0,171,1,0
13,0.495,0.535,0.5,0.5797662825624647,0.0,171,1,0
13,0.495,0.576,0.5,0.6054553940139296,0.0,171,1,0
13,0.495,0.616,0.5,0.581421275668388,0.0,171,1,0
13,0.495,0.656,0.5,0.584918670164044,0.0,171,1,0
13,0.495,0.697,0.5,0.5940980882772933,0.0,171,1,0
13,0.495,0.737,0.5,0.5857105922702707,0.0,171,1,0
13,0.495,0.778,0.5,0.6208378856328728,0.0,171,1,0
13,0.535,0.01,0.5,0.4235352060225702,0.0,171,1,0
13,0.535,0.05,0.5,0.5327309626890835,0.0,171,1,0
13,0.535,0.091,0.5,0.5316866106926631,0.0,171,1,0
13,0.535,0.131,0.5,0.6078648800760629,0.0,171,1,0
13,0.535,0.172,0.5,0.5757082373346054,0.0,171,1,0
13,0.535,0.212,0.5,0.6447330877755937,0.0,171,1,0
13,0.535,0.252,0.5,0.6161520174419325,0.0,171,1,0
13,0.535,0.293,0.5,0.578802189498455,0.0,171,1,0
13,0.535,0.333,0.5,0.5992690987252223,0.0,171,1,0
13,0.535,0.374,0.5,0.5658679257951728,0.0,171,1,0
13,0.535,0.414,0.5,0.5932484782240383,0.0,171,1,0
13,0.535,0.454,0.5,0.5925027650031334,0.0,171,1,0
13,0.535,0.495,0.5,0.6220861142534868,0.0,171,1,0
13,0.535,0.535,0.5,0.5672872544310722,0.0,171,1,0
13,0.535,0.576,0.5,0.5790403259216029,0.0,171,1,0
13,0.535,0.616,0.5,0.6534565753302726,0.0,171,1,0
13,0.535,0.656,0.5,0.5834004425716643,0.0,171,1,0
13,0.535,0.697,0.5,0.5875203619877378,0.0,171,1,0
13,0.535,0.737,0.5,0.5929082074511264,0.0,171,1,0
13,0.535,0.778,0.5,0.5968792467749362,0.0,171,1,0
13,0.576,0.01,0.5,0.3725913478869058,0.0,171,1,0
13,0.576,0.05,0.5,0.5102213439329929,0.0,171,1,0
13,0.576,0.091,0.5,0.5974767027059223,0.0,171,1,0
13,0.576,0.131,0.5,0.5828436866595621,0.0,171,1,0
13,0.576,0.172,0.5,0.6244613995319919,0.0,171,1,0
13,0.576,0.212,0.5,0.6147677201940821,0.0,171,1,0
13,0.576,0.252,0.5,0.5993878009001316,0.0,171,1,0
13,0.576,0.293,0.5,0.6252839697993605,0.0,171,1,0
13,0.576,0.333,0.5,0.5786564082421259,0.0,171,1,0
13,0.576,0.374,0.5,0.587796920571516,0.0,171,1,0
13,0.576,0.414,0.5,0.6384515438143048,0.0,171,1,0
13,0.576,0.454,0.5,0.6317820358490452,0.0,171,1,0
13,0.576,0.495,0.5,0.5980266324334439,0.0,171,1,0
13,0.576,0.535,0.5,0.5785271342794676,0.0,171,1,0
13,0.576,0.576,0.5,0.5735812463953222,0.0,171,1,0
13,0.576,0.616,0.5,0.5780041139432794,0.0,171,1,0
13,0.576,0.656,0.5,0.6147902726004898,0.0,171,1,0
13,0.576,0.697,0.5,0.6187580689099456,0.0,171,1,0
13,0.576,0.737,0.5,0.6100464047961598,0.0,171,1,0
13,0.576,0.778,0.5,0.6187080725534821,0.0,171,1,0
13,0.616,0.01,0.5,0.4122526275892961,0.0,171,1,0
13,0.616,0.05,0.5,0.4444144182915968,0.0,171,1,0
13,0.616,0.091,0.5,0.5446631070539962,0.0,171,1,0
13,0.616,0.131,0.5,0.5679895363048261,0.0,171,1,0
13,0.616,0.172,0.5,0.6134454313912471,0.0,171,1,0
13,0.616,0.212,0.5,0.58767168721506,0.0,171,1,0
13,0.616,0.252,0.5,0.5958537546553261,0.0,171,1,0
13,0.616,0.293,0.5,0.6145357557927702,0.0,171,1,0
13,0.616,0.333,0.5,0.5742968607972834,0.0,171,1,0
13,0.616,0.374,0.5,0.5998938412700128,0.0,171,1,0
13,0.616,0.414,0.5,0.6390207523376844,0.0,171,1,0
13,0.616,0.454,0.5,0.6076091729749674,0.0,171,1,0
13,0.616,0.495,0.5,0.5889755156119189,0.0,171,1,0
13,0.616,0.535,0.5,0.5747538889776246,0.0,171,1,0
13,0.616,0.576,0.5,0.616502951180249,0.0,171,1,0
13,0.616,0.616,0.5,0.5761284637229508,0.0,171,1,0
13,0.616,0.656,0.5,0.549658156278915,0.0,171,1,0
13,0.616,0.697,0.5,0.651329526220808,0.0,171,1,0
13,0.616,0.737,0.5,0.5684249608434121,0.0,171,1,0
13,0.616,0.778,0.5,0.6025281646644216,0.0,171,1,0
13,0.656,0.01,0.5,0.4163028112277857,0.0,171,1,0
13,0.656,0.05,0.5,0.5165215531941499,0.0,171,1,0
13,0.656,0.091,0.5,0.5468018493434913,0.0,171,1,0
13,0.656,0.131,0.5,0.5940721531347947,0.0,171,1,0
13,0.656,0.172,0.5,0.584827777865238,0.0,171,1,0
13,0.656,0.212,0.5,0.6154250691789804,0.0,171,1,0
13,0.656,0.252,0.5,0.6287226509454772,0.0,171,1,0
13,0.656,0.293,0.5,0.5660660384555859,0.0,171,1,0
13,0.656,0.333,0.5,0.6053662147870001,0.0,171,1,0
13,0.656,0.374,0.5,0.5813061106754291,0.0,171,1,0
13,0.656,0.414,0.5,0.5668600334870275,0.0,171,1,0
13,0.656,0.454,0.5,0.6201751390151825,0.0,171,1,0
13,0.656,0.495,0.5,0.6116812790304225,0.0,171,1,0
13,0.656,0.535,0.5,0.6074025263094114,0.0,171,1,0
13,0.656,0.576,0.5,0.5710143446756278,0.0,171,1,0
13,0.656,0.616,0.5,0.62246068075952,0.0,171,1,0
13,0.656,0.656,0.5,0.568583488226959,0.0,171,1,0
13,0.656,0.697,0.5,0.6312679493022371,0.0,171,1,0
13,0.656,0.737,0.5,0.6302891332252402,0.0,171,1,0
13,0.656,0.778,0.5,0.588385517299565,0.0,171,1,0
13,0.697,0.01,0.5,0.3807563377956297,0.0,171,1,0
13,0.697,0.05,0.5,0.4184598889938083,0.0,171,1,0
13,0.697,0.091,0.5,0.523665476909914,0.0,171,1,0
13,0.697,0.131,0.5,0.5349824620841073,0.0,171,1,0
13,0.697,0.172,0.5,0.5811475820557375,0.0,171,1,0
13,0.697,0.212,0.5,0.564083534200357,0.0,171,1,0
13,0.697,0.252,0.5,0.542604989894856,0.0,171,1,0
13,0.697,0.293,0.5,0.6039820911821332,0.0,171,1,0
13,0.697,0.333,0.5,0.5576326375235403,0.0,171,1,0
13,0.697,0.374,0.5,0.5778861250798698,0.0,171,1,0
13,0.697,0.414,0.5,0.6008413195849757,0.0,171,1,0
13,0.697,0.454,0.5,0.5676449272490476,0.0,171,1,0
13,0.697,0.495,0.5,0.5944591597300938,0.0,171,1,0
13,0.697,0.535,0.5,0.5801527115441665,0.0,171,1,0
13,0.697,0.576,0.5,0.5830050833948527,0.0,171,1,0
13,0.697,0.616,0.5,0.6248111466018195,0.0,171,1,0
13,0.697,0.656,0.5,0.5814549981895191,0.0,171,1,0
13,0.697,0.697,0.5,0.5797766171754158,0.0,171,1,0
13,0.697,0.737,0.5,0.5978623972559781,0.0,171,1,0
13,0.697,0.778,0.5,0.5346474604153468,0.0,171,1,0
13,0.737,0.01,0.5,0.4089623357978189,0.0,171,1,0
13,0.737,0.05,0.5,0.4300275614703315,0.0,171,1,0
13,0.737,0.091,0.5,0.4724221431391684,0.0,171,1,0
13,0.737,0.131,0.5,0.4626450387659239,0.0,171,1,0
13,0.737,0.172,0.5,0.5040112465598771,0.0,171,1,0
13,0.737,0.212,0.5,0.524730310238333,0.0,171,1,0
13,0.737,0.252,0.5,0.5305087342231499,0.0,171,1,0
13,0.737,0.293,0.5,0.528293752012588,0.0,171,1,0
13,0.737,0.333,0.5,0.5638729114773411,0.0,171,1,0
13,0.737,0.374,0.5,0.5700432960327848,0.0,171,1,0
13,0.737,0.414,0.5,0.5492031863910686,0.0,171,1,0
13,0.737,0.454,0.5,0.5702820361665317,0.0,171,1,0
13,0.737,0.495,0.5,0.5552011185150691,0.0,171,1,0
13,0.737,0.535,0.5,0.5539033287587504,0.0,171,1,0
13,0.737,0.576,0.5,0.5355981210521431,0.0,171,1,0
13,0.737,0.616,0.5,0.5890835157138407,0.0,171,1,0
13,0.737,0.656,0.5,0.5626431045219601,0.0,171,1,0
13,0.737,0.697,0.5,0.5636570085450794,0.0,171,1,0
13,0.737,0.737,0.5,0.5318273720808727,0.0,171,1,0
13,0.737,0.778,0.5,0.4759485203531537,0.0,171,1,0
13,0.778,0.01,0.5,0.3113342340404486,0.0,171,1,0
13,0.778,0.05,0.5,0.298046375398011,0.0,171,1,0
13,0.778,0.091,0.5,0.3212369175745641,0.0,171,1,0
13,0.778,0.131,0.5,0.3961638983377076,0.0,171,1,0
13,0.778,0.172,0.5,0.3736349448549824,0.0,171,1,0
13,0.778,0.212,0.5,0.3838145042651694,0.0,171,1,0
13,0.778,0.252,0.5,0.3626428784925459,0.0,171,1,0
13,0.778,0.293,0.5,0.4299645881560081,0.0,171,1,0
13,0.778,0.333,0.5,0.3775250335511012,0.0,171,1,0
13,0.778,0.374,0.5,0.3703147445221787,0.0,171,1,0
13,0.778,0.414,0.5,0.3719837739683798,0.0,171,1,0
13,0.778,0.454,0.5,0.4414735353185179,0.0,171,1,0
13,0.778,0.495,0.5,0.3911166546608729,0.0,171,1,0
13,0.778,0.535,0.5,0.4053789459565244,0.0,171,1,0
13,0.778,0.576,0.5,0.4307024129827129,0.0,171,1,0
13,0.778,0.616,0.5,0.4277132096507619,0.0,171,1,0
13,0.778,0.656,0.5,0.3795662329967676,0.0,171,1,0
13,0.778,0.697,0.5,0.3871148442750894,0.0,171,1,0
13,0.778,0.737,0.5,0.3831094935697183,0.0,171,1,0
13,0.778,0.778,0.5,0.3495526368725343,0.0,171,1,0
12,0.01,0.01,0.0,0.4024788713284754,0.010238789742618576,92,2,2
12,0.01,0.05,0.0,0.39421300190586006,0.0032711425404987338,92,2,2
12,0.01,0.091,0.0,0.4166119174772024,0.00996162240329565,92,2,2
12,0.01,0.131,0.0,0.3918696570809821,0.017883695898414625,92,2,2
12,0.01,0.172,0.0,0.392728410925848,0.018414073105857243,92,2,2
12,0.01,0.212,0.0,0.39745874921193913,0.015441202827525813,92,2,2
12,0.01,0.252,0.0,0.38380628946606155,0.0028530393815354715,92,2,2
12,0.01,0.293,0.0,0.3794858637263352,0.021337354646977086,92,2,2
12,0.01,0.333,0.0,0.37814627854480143,0.01803099726545751,92,2,2
12,0.01,0.374,0.0,0.39769367224417607,0.0030792683966650858,92,2,2
12,0.01,0.414,0.0,0.36590385436568496,0.0006052861621219097,92,2,2
12,0.01,0.454,0.0,0.39750441083738886,0.0006639987919740409,92,2,2
12,0.01,0.495,0.0,0.3773394319537662,0.01307228776539035,92,2,2
12,0.01,0.535,0.0,0.3686951687079677,0.009474210166796004,92,2,2
12,0.01,0.576,0.0,0.412806329489418,0.010712511226946914,92,2,2
12,0.01,0.616,0.0,0.37534955730720954,0.0009184040801298865,92,2,2
12,0.01,0.656,0.0,0.34808798252504036,0.012283201288511708,92,2,2
12,0.01,0.697,0.0,0.3662984873700057,0.006870592119065794,92,2,2
12,0.01,0.737,0.0,0.34980765113094114,4.994232721952652e-05,92,2,2
12,0.01,0.778,0.0,0.40646791275617544,0.02237687202540306,92,2,2
12,0.05,0.01,0.0,0.358294967743808,0.007033688135043403,92,2,2
12,0.05,0.05,0.0,0.40484467077675346,0.004183515857404008,92,2,2
12,0.05,0.091,0.0,0.3931873653547434,0.00014054990756259822,92,2,2
12,0.05,0.131,0.0,0.3944096984811483,0.02092954195275415,92,2,2
12,0.05,0.172,0.0,0.38782700617866084,0.01693118855588302,92,2,2
12,0.05,0.212,0.0,0.35596855432935254,0.03697780409954754,92,2,2
12,0.05,0.252,0.0,0.4150989278402466,0.00953580796253728,92,2,2
12,0.05,0.293,0.0,0.412288877976523,0.0012277372717013901,92,2,2
12,0.05,0.333,0.0,0.4115797899687781,0.022575425144545996,92,2,2
12,0.05,0.374,0.0,0.43613449523441944,0.004693131409090889,92,2,2
12,0.05,0.414,0.0,0.39233908684690355,0.025839201784521593,92,2,2
12,0.05,0.454,0.0,0.37815709276036713,0.006082494398854027,92,2,2
12,0.05,0.495,0.0,0.4062483700923578,0.0031476494194050686,92,2,2
12,0.05,0.535,0.0,0.37935431106273776,0.0022873170680026145,92,2,2
12,0.05,0.576,0.0,0.37838942133543196,0.01392048584071437,92,2,2
12,0.05,0.616,0.0,0.39457876066531455,0.00706714569981981,92,2,2
12,0.05,0.656,0.0,0.40556398258195503,0.003658710692481054,92,2,2
12,0.05,0.697,0.0,0.3679610680189807,0.006288501639079458,92,2,2
12,0.05,0.737,0.0,0.3712340142196223,0.013231139111623519,92,2,2
12,0.05,0.778,0.0,0.4005986872098305,0.0019191539052898776,92,2,2
12,0.091,0.01,0.0,0.40765236345134886,0.008868645776036632,92,2,2
12,0.091,0.05,0.0,0.37789353932377956,0.002025442929802973,92,2,2
12,0.091,0.091,0.0,0.405882816968547,0.02538901959308784,92,2,2
12,0.091,0.131,0.0,0.3958969392859303,0.02134872999697643,92,2,2
12,0.091,0.172,0.0,0.4031202413352599,0.0021722189234017197,92,2,2
12,0.091,0.212,0.0,0.3907292195118659,0.020893483643410315,92,2,2
12,0.091,0.252,0.0,0.37083476345235655,0.010172835215626563,92,2,2
12,0.091,0.293,0.0,0.40010466095311803,0.001890402866621843,92,2,2
12,0.091,0.333,0.0,0.3556001031572871,0.007790196446611386,92,2,2
12,0.091,0.374,0.0,0.3650749637599695,0.018391671785557007,92,2,2
12,0.091,0.414,0.0,0.3809094761687204,0.0046232290986508995,92,2,2
12,0.091,0.454,0.0,0.37553605264016193,0.011899160825995236,92,2,2
12,0.091,0.495,0.0,0.3854479967566056,0.016859672914236845,92,2,2
12,0.091,0.535,0.0,0.4073531396633791,0.0014185008389651643,92,2,2
12,0.091,0.576,0.0,0.40619974559169325,0.013649228788160744,92,2,2
12,0.091,0.616,0.0,0.38437741510201584,0.004097278975554425,92,2,2
12,0.091,0.656,0.0,0.4263219144067594,0.0046111501202712735,92,2,2
12,0.091,0.697,0.0,0.41756563810245917,0.004419895185989758,92,2,2
12,0.091,0.737,0.0,0.4244259588032534,0.01397258204013166,92,2,2
12,0.091,0.778,0.0,0.3864890602772074,0.00017589643131796226,92,2,2
12,0.131,0.01,0.0,0.4123194715181026,0.020644130608740097,92,2,2
12,0.131,0.05,0.0,0.4262805035677823,0.008642972771103707,92,2,2
12,0.131,0.091,0.0,0.4228847473233931,0.005949102970802617,92,2,2
12,0.131,0.131,0.0,0.34083046884348767,0.015148759408001117,92,2,2
12,0.131,0.172,0.0,0.3886890565201198,0.002146049889366841,92,2,2
12,0.131,0.212,0.0,0.39682084891577796,0.001429933375863529,92,2,2
12,0.131,0.252,0.0,0.4065656931891217,0.02107711977229837,92,2,2
12,0.131,0.293,0.0,0.3896208764850005,0.005603124848597207,92,2,2
12,0.131,0.333,0.0,0.38473018329392117,0.003902752568881923,92,2,2
12,0.131,0.374,0.0,0.4242978910509484,0.0031390933023772716,92,2,2
12,0.131,0.414,0.0,0.40493445934146166,0.01921370655332219,92,2,2
12,0.131,0.454,0.0,0.4003693217531572,0.00679463604819433,92,2,2
12,0.131,0.495,0.0,0.4246237501174872,0.015248746433337013,92,2,2
12,0.131,0.535,0.0,0.4308355260795712,0.005548410465749526,92,2,2
12,0.131,0.576,0.0,0.4360076169940198,0.01409207442105706,92,2,2
12,0.131,0.616,0.0,0.4214434968179286,0.009800065458029361,92,2,2
12,0.131,0.656,0.0,0.4227505936035507,0.007754195709758799,92,2,2
12,0.131,0.697,0.0,0.4542062784679328,0.0015439787383116632,92,2,2
12,0.131,0.737,0.0,0.4299443862997647,0.016683151556560222,92,2,2
12,0.131,0.778,0.0,0.42547597357498956,0.0030371439610561712,92,2,2
12,0.172,0.01,0.0,0.38627906577105275,0.001485022262343344,92,2,2
12,0.172,0.05,0.0,0.3747659823982036,0.017355354831047887,92,2,2
12,0.172,0.091,0.0,0.41495115687668693,4.942396653392911e-05,92,2,2
12,0.172,0.131,0.0,0.4004639248900763,0.021389660722556297,92,2,2
12,0.172,0.172,0.0,0.4136452814555279,0.0037377306534213672,92,2,2
12,0.172,0.212,0.0,0.40594815193583006,0.005714371406521257,92,2,2
12,0.172,0.252,0.0,0.39967584045496274,0.013719040145703493,92,2,2
12,0.172,0.293,0.0,0.47922853450238784,0.00022006020501930124,92,2,2
12,0.172,0.333,0.0,0.46001398601272026,0.007933314338573944,92,2,2
12,0.172,0.374,0.0,0.47795407830768827,0.007062466573761639,92,2,2
12,0.172,0.414,0.0,0.4789673363348069,2.5575593241428107e-05,92,2,2
12,0.172,0.454,0.0,0.48755410960326523,0.016901206283421566,92,2,2
12,0.172,0.495,0.0,0.46996873290938346,0.008247964683041287,92,2,2
12,0.172,0.535,0.0,0.46774060236489096,0.022283805492893716,92,2,2
12,0.172,0.576,0.0,0.5081695096290273,0.013692148136440402,92,2,2
12,0.172,0.616,0.0,0.4752610611103873,0.00265605756768289,92,2,2
12,0.172,0.656,0.0,0.4667087446005514,0.031012267716607644,92,2,2
12,0.172,0.697,0.0,0.500258695898196,0.005086799704045963,92,2,2
12,0.172,0.737,0.0,0.48351640394926887,0.001765092809831198,92,2,2
12,0.172,0.778,0.0,0.5136205853340755,0.012458368587355273,92,2,2
12,0.212,0.01,0.0,0.37770541866225554,0.004394197218198614,92,2,2
12,0.212,0.05,0.0,0.4078508345989916,0.01811875427120191,92,2,2
12,0.212,0.091,0.0,0.37933623382615267,0.011369547966894683,92,2,2
12,0.212,0.131,0.0,0.4234629704808152,0.00249284069255562,92,2,2
12,0.212,0.172,0.0,0.4246191089052479,0.001873366841502272,92,2,2
12,0.212,0.212,0.0,0.4316105753640893,0.009542702845079992,92,2,2
12,0.212,0.252,0.0,0.4694212785646197,0.0021204351097357244,92,2,2
12,0.212,0.293,0.0,0.4604615553963046,0.026897272563477875,92,2,2
12,0.212,0.333,0.0,0.5204169134778176,2.756353347699303e-05,92,2,2
12,0.212,0.374,0.0,0.5326447206501688,0.011407043211625889,92,2,2
12,0.212,0.414,0.0,0.5151802101906304,0.003358042907216252,92,2,2
12,0.212,0.454,0.0,0.5548880570136714,0.0020156114470022968,92,2,2
12,0.212,0.495,0.0,0.5503996488589238,0.008304002986515513,92,2,2
12,0.212,0.535,0.0,0.5357883298709257,0.011227548777760443,92,2,2
12,0.212,0.576,0.0,0.559633477172607,0.015263472006798062,92,2,2
12,0.212,0.616,0.0,0.5824416780401052,0.0030917124476624314,92,2,2
12,0.212,0.656,0.0,0.5550767524102924,0.00288355499655768,92,2,2
12,0.212,0.697,0.0,0.5492288602432618,0.0029379290745203956,92,2,2
12,0.212,0.737,0.0,0.5234206536206194,0.005773123512162914,92,2,2
12,0.212,0.778,0.0,0.5595769597810871,0.005169015310127367,92,2,2
12,0.252,0.01,0.0,0.4407217318853347,0.0037448149482472437,92,2,2
12,0.252,0.05,0.0,0.43156665599995786,0.005575116436736971,92,2,2
12,0.252,0.091,0.0,0.4326055857159039,0.007606030335998826,92,2,2
12,0.252,0.131,0.0,0.4985383701649801,0.02151998408801531,92,2,2
12,0.252,0.172,0.0,0.47290706331566945,0.0039439106142057645,92,2,2
12,0.252,0.212,0.0,0.4940352912019818,0.014945629581681608,92,2,2
12,0.252,0.252,0.0,0.5301068774499491,0.01373184993076082,92,2,2
12,0.252,0.293,0.0,0.5269987880063545,0.006920904844835818,92,2,2
12,0.252,0.333,0.0,0.5455661395902156,0.024535880860025727,92,2,2
12,0.252,0.374,0.0,0.576543391157476,0.010371195660506816,92,2,2
12,0.252,0.414,0.0,0.555784197910998,0.005113821802504526,92,2,2
12,0.252,0.454,0.0,0.553240894673241,0.02919926885644969,92,2,2
12,0.252,0.495,0.0,0.6040674892266111,0.006244871496315918,92,2,2
12,0.252,0.535,0.0,0.5654997651744247,0.0006423500513557112,92,2,2
12,0.252,0.576,0.0,0.5884148635692164,0.010544272145464106,92,2,2
12,0.252,0.616,0.0,0.5772221145302636,0.005382727197013881,92,2,2
12,0.252,0.656,0.0,0.5681616017979915,0.011264251414467519,92,2,2
12,0.252,0.697,0.0,0.5683303120854839,0.0061597652159456895,92,2,2
12,0.252,0.737,0.0,0.6018673423183388,0.010106541827530235,92,2,2
12,0.252,0.778,0.0,0.5559128861842191,0.0016485616870692832,92,2,2
12,0.293,0.01,0.0,0.39833852394993824,0.0042059245945059165,92,2,2
12,0.293,0.05,0.0,0.42313696663994266,0.0034396361389770203,92,2,2
12,0.293,0.091,0.0,0.4607885771718442,0.0013903206830926107,92,2,2
12,0.293,0.131,0.0,0.4764772711406656,0.03020364580348492,92,2,2
12,0.293,0.172,0.0,0.5182875655717147,0.001092486542465576,92,2,2
12,0.293,0.212,0.0,0.5836909703654498,0.015660031940335828,92,2,2
12,0.293,0.252,0.0,0.5669967279411023,0.018490858397211984,92,2,2
12,0.293,0.293,0.0,0.56758012987227,0.019079583826998092,92,2,2
12,0.293,0.333,0.0,0.5851594739423871,0.005290158305215842,92,2,2
12,0.293,0.374,0.0,0.5672577026165111,0.016761321547317964,92,2,2
12,0.293,0.414,0.0,0.5785598087336716,0.009463022227369,92,2,2
12,0.293,0.454,0.0,0.620322858509607,0.010907958241947513,92,2,2
12,0.293,0.495,0.0,0.6193014335732254,0.01101461895311312,92,2,2
12,0.293,0.535,0.0,0.6288811191937801,0.011314270734614995,92,2,2
12,0.293,0.576,0.0,0.5763812928193224,0.003837224612867507,92,2,2
12,0.293,0.616,0.0,0.6277107251636875,0.004014806720334441,92,2,2
12,0.293,0.656,0.0,0.598421685890407,0.004333054047220952,92,2,2
12,0.293,0.697,0.0,0.6180974801217639,0.004863852189069484,92,2,2
12,0.293,0.737,0.0,0.6049170811420348,0.019737897287891826,92,2,2
12,0.293,0.778,0.0,0.6027111547309134,0.00648812374639407,92,2,2
12,0.333,0.01,0.0,0.39583129027660924,0.020768861564312124,92,2,2
12,0.333,0.05,0.0,0.44880316837095424,0.006894632703778408,92,2,2
12,0.333,0.091,0.0,0.501961170157803,0.003524821358213165,92,2,2
12,0.333,0.131,0.0,0.5268656598365659,0.039378711173107955,92,2,2
12,0.333,0.172,0.0,0.5455249052034217,0.008589804723048156,92,2,2
12,0.333,0.212,0.0,0.5749030602338909,0.009791239030699062,92,2,2
12,0.333,0.252,0.0,0.5876337967721742,0.005687628081534335,92,2,2
12,0.333,0.293,0.0,0.5653417040015765,0.0019446866760390313,92,2,2
12,0.333,0.333,0.0,0.6145736406316538,0.002539539321874451,92,2,2
12,0.333,0.374,0.0,0.5932277253177718,0.004759296334335805,92,2,2
12,0.333,0.414,0.0,0.57232112277296,0.007859961959274742,92,2,2
12,0.333,0.454,0.0,0.6071464090821723,0.012575066600875207,92,2,2
12,0.333,0.495,0.0,0.6066491461427268,0.02447882626995951,92,2,2
12,0.333,0.535,0.0,0.5733266123112073,0.009656812537449155,92,2,2
12,0.333,0.576,0.0,0.5808326981119478,7.358785526051514e-05,92,2,2
12,0.333,0.616,0.0,0.6021611942949228,0.00019963301872977235,92,2,2
12,0.333,0.656,0.0,0.5921460102744811,0.000637170410312804,92,2,2
12,0.333,0.697,0.0,0.5976510568276381,0.029926703409514366,92,2,2
12,0.333,0.737,0.0,0.6194946902308127,0.005947530792029532,92,2,2
12,0.333,0.778,0.0,0.6076735000447347,0.0005506000401516165,92,2,2
12,0.374,0.01,0.0,0.439649811609042,0.03136832962648006,92,2,2
12,0.374,0.05,0.0,0.462841131288743,0.004434187389944999,92,2,2
12,0.374,0.091,0.0,0.5267173455588683,0.004833710977552308,92,2,2
12,0.374,0.131,0.0,0.5869844631091028,0.006345111380193613,92,2,2
12,0.374,0.172,0.0,0.5694034695900404,0.003917165347354534,92,2,2
12,0.374,0.212,0.0,0.585136100441878,0.009637557229133786,92,2,2
12,0.374,0.252,0.0,0.5849087698748701,0.009394914886782457,92,2,2
12,0.374,0.293,0.0,0.6085140468778687,0.010408834695931346,92,2,2
12,0.374,0.333,0.0,0.5956973476007164,0.025239795567645107,92,2,2
12,0.374,0.374,0.0,0.5796251383362656,0.0007660591044744147,92,2,2
12,0.374,0.414,0.0,0.5743893373813249,0.004403866254120481,92,2,2
12,0.374,0.454,0.0,0.6103816287181563,0.022164238362121558,92,2,2
12,0.374,0.495,0.0,0.5876312542725615,0.009400311315034104,92,2,2
12,0.374,0.535,0.0,0.5826595603538663,0.01646953760653913,92,2,2
12,0.374,0.576,0.0,0.5724914859395411,0.013960496540473877,92,2,2
12,0.374,0.616,0.0,0.587943280806728,0.022854028749706826,92,2,2
12,0.374,0.656,0.0,0.5798369280105438,0.005486522941341332,92,2,2
12,0.374,0.697,0.0,0.5889657911369692,0.013836277433807886,92,2,2
12,0.374,0.737,0.0,0.6035249913963244,0.012730937002321197,92,2,2
12,0.374,0.778,0.0,0.5855754776234834,0.020436214632858385,92,2,2
12,0.414,0.01,0.0,0.3934826719979959,0.015027024012351481,92,2,2
12,0.414,0.05,0.0,0.4640035477278893,0.008716876269032198,92,2,2
12,0.414,0.091,0.0,0.5734810501689711,0.02857915850320253,92,2,2
12,0.414,0.131,0.0,0.5538753902955924,0.026349124229023246,92,2,2
12,0.414,0.172,0.0,0.5666258693595729,0.0027819189925057386,92,2,2
12,0.414,0.212,0.0,0.5847326003453791,0.001594991835439652,92,2,2
12,0.414,0.252,0.0,0.5914464570595908,0.0005113617286891525,92,2,2
12,0.414,0.293,0.0,0.6039098572827177,0.010378466747950121,92,2,2
12,0.414,0.333,0.0,0.5991697668254391,0.0016301959736769733,92,2,2
12,0.414,0.374,0.0,0.5825122523164596,0.0008857560036591994,92,2,2
12,0.414,0.414,0.0,0.6008931702042037,0.008045395476683481,92,2,2
12,0.414,0.454,0.0,0.6051608221055136,0.00308121577198478,92,2,2
12,0.414,0.495,0.0,0.5828924237425588,0.007169696474786824,92,2,2
12,0.414,0.535,0.0,0.6243130941512606,0.0007079228560574746,92,2,2
12,0.414,0.576,0.0,0.6127131460410931,0.004338556260275794,92,2,2
12,0.414,0.616,0.0,0.5947364431522886,0.019956207028563655,92,2,2
12,0.414,0.656,0.0,0.5806595502303442,0.00038853414250555884,92,2,2
12,0.414,0.697,0.0,0.5953411089961884,0.03330527532883004,92,2,2
12,0.414,0.737,0.0,0.5791201616225512,0.014423968840939272,92,2,2
12,0.414,0.778,0.0,0.6131606761141274,0.015222574426892788,92,2,2
12,0.454,0.01,0.0,0.3798074475574583,0.00708565709849876,92,2,2
12,0.454,0.05,0.0,0.4870136007359646,0.007041539877545799,92,2,2
12,0.454,0.091,0.0,0.5666931474613646,0.009137006860485741,92,2,2
12,0.454,0.131,0.0,0.5756909071129482,0.014740701254589594,92,2,2
12,0.454,0.172,0.0,0.6048449449197006,0.001798482899093734,92,2,2
12,0.454,0.212,0.0,0.5878482982778963,0.004153735935423064,92,2,2
12,0.454,0.252,0.0,0.6065849429893244,0.011487288704319698,92,2,2
12,0.454,0.293,0.0,0.6150293875682215,0.014147212187553992,92,2,2
12,0.454,0.333,0.0,0.6083760444643269,0.004503655862156841,92,2,2
12,0.454,0.374,0.0,0.6267496457261077,0.0028201948560063195,92,2,2
12,0.454,0.414,0.0,0.6006102845997323,0.00986898365666955,92,2,2
12,0.454,0.454,0.0,0.5680770109674282,0.02478538507922229,92,2,2
12,0.454,0.495,0.0,0.6000266152012754,0.008219771078129046,92,2,2
12,0.454,0.535,0.0,0.5918099838340886,0.030696873525928425,92,2,2
12,0.454,0.576,0.0,0.6132975196656072,0.009326795058046844,92,2,2
12,0.454,0.616,0.0,0.5839598851679749,0.007964399958714119,92,2,2
12,0.454,0.656,0.0,0.5945169709831982,0.0019816799124469098,92,2,2
12,0.454,0.697,0.0,0.6027792283674919,0.0019527679182060886,92,2,2
12,0.454,0.737,0.0,0.6019550157902611,0.0029823195616719977,92,2,2
12,0.454,0.778,0.0,0.6032346629902918,0.005392920973141924,92,2,2
12,0.495,0.01,0.0,0.4344294242012473,0.013710279891525207,92,2,2
12,0.495,0.05,0.0,0.4660932655316372,0.004229917191091975,92,2,2
12,0.495,0.091,0.0,0.5382983388651046,0.017118631580019972,92,2,2
12,0.495,0.131,0.0,0.5961774531349531,0.007978087741945583,92,2,2
12,0.495,0.172,0.0,0.6087910786266892,0.011095249310860478,92,2,2
12,0.495,0.212,0.0,0.5718656655764727,0.013263378502617773,92,2,2
12,0.495,0.252,0.0,0.623751547487982,0.014884222535902769,92,2,2
12,0.495,0.293,0.0,0.6161650919888624,0.016196833319199577,92,2,2
12,0.495,0.333,0.0,0.593891747657405,0.013300843941659035,92,2,2
12,0.495,0.374,0.0,0.608293314556436,0.0075608907202647235,92,2,2
12,0.495,0.414,0.0,0.6144306162142352,0.003138240347953347,92,2,2
12,0.495,0.454,0.0,0.558157304594246,0.030628159383132236,92,2,2
12,0.495,0.495,0.0,0.6119981964894137,0.0036156033135838483,92,2,2
12,0.495,0.535,0.0,0.6159700275542617,0.012711206791826801,92,2,2
12,0.495,0.576,0.0,0.598325724322585,0.03129428716607863,92,2,2
12,0.495,0.616,0.0,0.5925045489170677,0.0029218304782591686,92,2,2
12,0.495,0.656,0.0,0.5840598986911336,0.013088239746996966,92,2,2
12,0.495,0.697,0.0,0.5948533571175718,0.00015601611400811732,92,2,2
12,0.495,0.737,0.0,0.5955722762910431,0.001386149663523295,92,2,2
12,0.495,0.778,0.0,0.6000223152945543,0.017380626808891353,92,2,2
12,0.535,0.01,0.0,0.40226069465964076,0.0143546296669958,92,2,2
12,0.535,0.05,0.0,0.49173200044156284,0.0075150879808142945,92,2,2
12,0.535,0.091,0.0,0.544123689371574,0.009059990156123188,92,2,2
12,0.535,0.131,0.0,0.5666718101214796,0.005441911252922094,92,2,2
12,0.535,0.172,0.0,0.5889307209810235,0.002503763106532275,92,2,2
12,0.535,0.212,0.0,0.6131454768630296,0.002250213843703941,92,2,2
12,0.535,0.252,0.0,0.5724749789344927,0.02132389787367145,92,2,2
12,0.535,0.293,0.0,0.578418450955823,0.008906509814240737,92,2,2
12,0.535,0.333,0.0,0.5849976751786928,0.027686281535060475,92,2,2
12,0.535,0.374,0.0,0.5929011242779385,0.009016569810450459,92,2,2
12,0.535,0.414,0.0,0.5975544859042626,0.0004316538599047348,92,2,2
12,0.535,0.454,0.0,0.5864102880832045,0.000645004337584798,92,2,2
12,0.535,0.495,0.0,0.6176829323222259,0.002335954162582754,92,2,2
12,0.535,0.535,0.0,0.5923721426120424,0.01532684996664846,92,2,2
12,0.535,0.576,0.0,0.5948726346949842,0.029258033647367954,92,2,2
12,0.535,0.616,0.0,0.6067570365248793,0.015360628403611687,92,2,2
12,0.535,0.656,0.0,0.5740945391131939,0.0002884178010520433,92,2,2
12,0.535,0.697,0.0,0.6151481203600881,0.006185393745108014,92,2,2
12,0.535,0.737,0.0,0.6207845312963522,0.0034263446853720625,92,2,2
12,0.535,0.778,0.0,0.575260295957138,0.0032997273464369092,92,2,2
12,0.576,0.01,0.0,0.43121560997021874,0.000598134914108317,92,2,2
12,0.576,0.05,0.0,0.46323529624015075,0.02084561032010418,92,2,2
12,0.576,0.091,0.0,0.5369299434805437,0.020771754642694706,92,2,2
12,0.576,0.131,0.0,0.573667653527316,0.006751767089992977,92,2,2
12,0.576,0.172,0.0,0.6178258281441513,0.02096430902846419,92,2,2
12,0.576,0.212,0.0,0.6030328241806486,0.0015936803296323077,92,2,2
12,0.576,0.252,0.0,0.589176265153246,0.005226491889072038,92,2,2
12,0.576,0.293,0.0,0.6024373420167393,0.00851975425754986,92,2,2
12,0.576,0.333,0.0,0.6030575376142744,0.003404717961637438,92,2,2
12,0.576,0.374,0.0,0.6008937931408731,0.005105518619682281,92,2,2
12,0.576,0.414,0.0,0.6001600341152462,0.001736657795271157,92,2,2
12,0.576,0.454,0.0,0.5938287172420749,0.001271215545894544,92,2,2
12,0.576,0.495,0.0,0.5875144295098398,0.005502479519041814,92,2,2
12,0.576,0.535,0.0,0.5900237700699298,0.008186736610556467,92,2,2
12,0.576,0.576,0.0,0.6171522235717368,0.010471277544040258,92,2,2
12,0.576,0.616,0.0,0.6011116574269404,0.02784104835564344,92,2,2
12,0.576,0.656,0.0,0.6062405767607701,0.0020223271303788093,92,2,2
12,0.576,0.697,0.0,0.5606995249038452,0.01890384266405809,92,2,2
12,0.576,0.737,0.0,0.6077963553745733,0.015338325943598963,92,2,2
12,0.576,0.778,0.0,0.5874499760999577,0.014287396941387476,92,2,2
12,0.616,0.01,0.0,0.42132709630619997,0.010928182851668078,92,2,2
12,0.616,0.05,0.0,0.47911548575718077,0.00847436192669096,92,2,2
12,0.616,0.091,0.0,0.5512010353945231,0.0023535384659028047,92,2,2
12,0.616,0.131,0.0,0.5729098859087377,0.0038461716898295917,92,2,2
12,0.616,0.172,0.0,0.5716789308638432,0.008095512912943359,92,2,2
12,0.616,0.212,0.0,0.6087122756916266,0.021841037236866867,92,2,2
12,0.616,0.252,0.0,0.6098747006562738,0.007338508978180558,92,2,2
12,0.616,0.293,0.0,0.6157750704644678,0.0021558558672474804,92,2,2
12,0.616,0.333,0.0,0.5821854826287882,0.007129092006051774,92,2,2
12,0.616,0.374,0.0,0.592761609444525,0.009317925806921923,92,2,2
12,0.616,0.414,0.0,0.5884327432911611,0.006361262526566269,92,2,2
12,0.616,0.454,0.0,0.5928779840610898,0.010067056487562065,92,2,2
12,0.616,0.495,0.0,0.6019628520461132,0.007633320858410064,92,2,2
12,0.616,0.535,0.0,0.6032653649049811,0.007469301744781942,92,2,2
12,0.616,0.576,0.0,0.6164793335471619,0.020612841446920216,92,2,2
12,0.616,0.616,0.0,0.5977514024064737,0.005224480723601599,92,2,2
12,0.616,0.656,0.0,0.610684867500547,0.005906551944649785,92,2,2
12,0.616,0.697,0.0,0.595803501592113,0.018347800454655117,92,2,2
12,0.616,0.737,0.0,0.6154745081093496,0.0061611634616211,92,2,2
12,0.616,0.778,0.0,0.6042866324128784,0.005926128492173499,92,2,2
12,0.656,0.01,0.0,0.4165307070175174,0.009487774143007749,92,2,2
12,0.656,0.05,0.0,0.4612321618677397,0.004340956883589819,92,2,2
12,0.656,0.091,0.0,0.49694266723946323,0.014386456557544197,92,2,2
12,0.656,0.131,0.0,0.6006727751723264,0.0006710060120572181,92,2,2
12,0.656,0.172,0.0,0.6122938687939905,0.016862045516113644,92,2,2
12,0.656,0.212,0.0,0.5917646389987055,0.006635952551716173,92,2,2
12,0.656,0.252,0.0,0.5773767879324104,0.0027425496857375053,92,2,2
12,0.656,0.293,0.0,0.6062271099520886,0.0003004317806913348,92,2,2
12,0.656,0.333,0.0,0.6045042116287584,0.007221930251916253,92,2,2
12,0.656,0.374,0.0,0.5992256183082378,0.002688546528090807,92,2,2
12,0.656,0.414,0.0,0.6247959072534892,0.01854154826910387,92,2,2
12,0.656,0.454,0.0,0.6117136370466716,0.0014543507961216062,92,2,2
12,0.656,0.495,0.0,0.6159779369855095,0.017684735235499294,92,2,2
12,0.656,0.535,0.0,0.571483246002398,0.015470704175219785,92,2,2
12,0.656,0.576,0.0,0.589476252068017,0.0034045256128925616,92,2,2
12,0.656,0.616,0.0,0.5928592650572796,0.0014399703019845056,92,2,2
12,0.656,0.656,0.0,0.5972220989446763,0.008114698461090364,92,2,2
12,0.656,0.697,0.0,0.6071471621322778,0.004326122120654197,92,2,2
12,0.656,0.737,0.0,0.5956951931611776,0.00028538036828495983,92,2,2
12,0.656,0.778,0.0,0.6239525135898947,0.026879185128673433,92,2,2
12,0.697,0.01,0.0,0.3915683819787563,0.02309724696372531,92,2,2
12,0.697,0.05,0.0,0.39581737922600474,0.008362837631502473,92,2,2
12,0.697,0.091,0.0,0.49754887833058953,0.005965628924564592,92,2,2
12,0.697,0.131,0.0,0.5475513941853576,0.011081441914419288,92,2,2
12,0.697,0.172,0.0,0.538568224834536,0.0072432692851556735,92,2,2
12,0.697,0.212,0.0,0.567833444687442,0.002391118600071074,92,2,2
12,0.697,0.252,0.0,0.5859787177157463,0.0032900164467451476,92,2,2
12,0.697,0.293,0.0,0.5921805178831347,0.0003559628080024857,92,2,2
12,0.697,0.333,0.0,0.5928459707713138,0.008124657498764398,92,2,2
12,0.697,0.374,0.0,0.6152308063345766,0.0014000948323444895,92,2,2
12,0.697,0.414,0.0,0.5949572351809465,4.220222158629605e-05,92,2,2
12,0.697,0.454,0.0,0.6122919871390212,0.00590216913592323,92,2,2
12,0.697,0.495,0.0,0.6042133893884587,0.017055217080927387,92,2,2
12,0.697,0.535,0.0,0.6088971619526725,0.017859940814904718,92,2,2
12,0.697,0.576,0.0,0.60782429221372,0.0016734809015057084,92,2,2
12,0.697,0.616,0.0,0.5719078422248567,0.024305710148898207,92,2,2
12,0.697,0.656,0.0,0.5883694423846364,0.0064271667203619764,92,2,2
12,0.697,0.697,0.0,0.5817839262542732,0.03960823786601958,92,2,2
12,0.697,0.737,0.0,0.5901086589865598,0.002666755401257881,92,2,2
12,0.697,0.778,0.0,0.5820408933590497,0.00158941607609292,92,2,2
12,0.737,0.01,0.0,0.41867033187781166,0.008511555794234127,92,2,2
12,0.737,0.05,0.0,0.42962981533647865,0.014733249805596316,92,2,2
12,0.737,0.091,0.0,0.4107641765317934,0.015483713390454568,92,2,2
12,0.737,0.131,0.0,0.477370002187341,0.034881673860543916,92,2,2
12,0.737,0.172,0.0,0.5488557252856897,0.014635495145574051,92,2,2
12,0.737,0.212,0.0,0.5259566003931844,0.01306961755344227,92,2,2
12,0.737,0.252,0.0,0.5141316468427805,0.00944283593366102,92,2,2
12,0.737,0.293,0.0,0.512167974120343,0.005024802664809314,92,2,2
12,0.737,0.333,0.0,0.5529754376174825,0.019634816404188404,92,2,2
12,0.737,0.374,0.0,0.5201334128761694,0.002206624723936401,92,2,2
12,0.737,0.414,0.0,0.5483082819801719,0.011115136482750365,92,2,2
12,0.737,0.454,0.0,0.5483254503632318,0.01660432180783039,92,2,2
12,0.737,0.495,0.0,0.5386169988271661,0.007956499664351024,92,2,2
12,0.737,0.535,0.0,0.5630271824606243,0.007322030122266232,92,2,2
12,0.737,0.576,0.0,0.6054541864600816,0.0060575184483741,92,2,2
12,0.737,0.616,0.0,0.5828207099704465,0.027680351973629336,92,2,2
12,0.737,0.656,0.0,0.4603149197883937,0.07094864202543702,92,2,2
12,0.737,0.697,0.0,0.5371494080130008,0.008466940618612695,92,2,2
12,0.737,0.737,0.0,0.5663426456216925,0.007276700717196272,92,2,2
12,0.737,0.778,0.0,0.5516029487005111,0.010042405295722423,92,2,2
12,0.778,0.01,0.0,0.34042306505888603,0.015706119246930883,92,2,2
12,0.778,0.05,0.0,0.3350495246042047,0.04171944979880984,92,2,2
12,0.778,0.091,0.0,0.4148349951037647,0.01467997985164149,92,2,2
12,0.778,0.131,0.0,0.362989337737489,0.019614079451825805,92,2,2
12,0.778,0.172,0.0,0.4072620823357269,0.0945179998603036,92,2,2
12,0.778,0.212,0.0,0.4395018956323612,0.10483051892082051,92,2,2
12,0.778,0.252,0.0,0.3429343736394184,0.013045109667077781,92,2,2
12,0.778,0.293,0.0,0.4384426941720838,0.06889217284493407,92,2,2
12,0.778,0.333,0.0,0.4708406195410314,0.1071431741115183,92,2,2
12,0.778,0.374,0.0,0.3562860141003382,0.013875920286173488,92,2,2
12,0.778,0.414,0.0,0.4496194229290904,0.06494390668183966,92,2,2
12,0.778,0.454,0.0,0.37412471929525715,0.008201589115744423,92,2,2
12,0.778,0.495,0.0,0.36658430539555537,0.004466508675629033,92,2,2
12,0.778,0.535,0.0,0.46799593266009626,0.10033396387159105,92,2,2
12,0.778,0.576,0.0,0.5506526704001338,0.0023020204240953857,92,2,2
12,0.778,0.616,0.0,0.5393384636888592,0.01538165202106112,92,2,2
12,0.778,0.656,0.0,0.44674858676129126,0.0721908280380249,92,2,2
12,0.778,0.697,0.0,0.5678745420570748,0.010103791818709962,92,2,2
12,0.778,0.737,0.0,0.4036496896344092,0.08262994474028484,92,2,2
12,0.778,0.778,0.0,0.4219578423168952,0.10387120878108774,92,2,2
